first_name,last_name,grade,gpa,gender,date_of_birth
RiDepi,cxvyuNpBDP,7,3.3,M,23/6/2006
PtTe,dE,8,0.85,M,9/12/2011
DbrSvAcCtD,UgCNW,8,2.11,M,28/8/1997
vLWqCnhfL,pe,11,3.04,F,28/5/1998
OGboJgo,khYPOkJ,7,2.21,M,3/1/2013
bnTYawQo,ft,1,1.66,F,3/4/2004
Mj,MFpn,7,1.65,F,24/4/2004
qJdoUWix,UOVcFLL,8,1.1,M,7/7/2014
UwltQdLGSb,SoiKX,12,2.31,M,11/2/2014
CCLGgY,IWmgqUJFMZ,4,1.47,F,7/6/1996
FYao,eHsPIjzTDH,5,3.61,F,19/8/2009
vQIIGetEJm,oWckAMhQy,8,3.74,M,3/1/2010
tgXSJsG,qa,6,0.94,F,8/5/1998
hp,XUtAcgp,9,1.82,F,11/8/1997
MHcAqdGeU,bfHDwsFOap,2,3.86,M,14/3/2008
GC,UlLXC,10,1.84,F,21/7/2008
jttSciQM,ZtUQv,9,2.46,F,21/2/2004
ZwmYTcma,xfXDWefXJf,3,0.47,F,25/9/2013
OmQga,AQ,2,1.12,F,21/4/2004
ld,QXQb,4,3.05,F,2/4/2000
imgOvp,OjF,9,2.9,F,23/8/2011
DgcauKTM,oCH,12,0.75,M,5/8/1998
GJeCjGMz,HC,4,2.09,M,18/1/2011
CPplGbcAZ,YRDkO,11,3.45,F,16/7/1995
qVmztA,tVfRUCeqh,7,0.96,F,5/10/1997
fiTYgg,Rv,8,0.91,M,25/1/1998
rqR,JIemyrwIl,2,1.22,M,14/11/2008
qtWTBhQwqL,TJUofbbrjN,5,1.88,F,26/2/2003
LgKhGNXktw,qjQXdR,11,3.43,F,1/7/2004
ybdveFHaMq,WwxQphaqDj,5,2.9,M,1/11/2001
Wm,MD,7,3.97,F,10/9/2013
OEQBioVpE,kPO,8,3.15,F,12/9/2006
jJFSLmR,TiGT,12,1.71,F,28/3/2012
InV,OoPnczv,1,1.29,F,13/10/1998
Taw,ED,2,1.34,F,11/8/1995
FO,ogJD,11,0.63,F,1/9/2014
ClwbLJFZuO,BZSN,7,2.25,M,6/3/2007
ViM,aJfbvYAP,1,2.44,M,13/12/1999
hniuMb,yX,12,1.29,M,25/6/2008
qChEE,nhULIuLH,9,2.08,F,19/9/2003
XlvUksWvBh,htazuI,7,1.37,M,22/2/2006
EiKaN,TriDe,10,1.32,M,24/8/2015
DUJapeNf,ckQMG,9,1.18,F,6/9/2011
gpMQOrXCOg,JArirmTiC,11,2.17,M,25/3/2000
Ob,qFOqr,2,3.25,M,16/3/2012
aqOEo,jhZyboaa,9,2.07,M,11/10/2006
nFMsILzjPd,OXzvYO,2,2.81,M,1/6/1998
ZrQzbibbqz,AVMB,4,1.23,F,12/5/2014
nu,vlFAJUJ,12,3.8,M,28/3/2011
GjXPI,vIsVr,5,0.97,F,9/12/2012
ilQozQl,khYV,2,3.89,F,10/3/2003
hUizOSzI,CsgDwAwfxw,9,1.78,M,25/6/2005
lxoSkNe,qkrK,10,2.13,F,18/4/2007
zOIOrZnRqe,ydA,11,1.36,M,13/4/2008
uODbPvJ,jZsmwL,5,0.44,M,25/12/1998
kCrGlavmJX,UrL,12,3.23,M,15/2/1995
iqzDFWVvxj,wNEgTdAw,11,3.35,M,25/12/2006
jagCEsWuDU,BeHzgWtJY,5,3.82,M,22/10/2014
vxrfoDVTmO,uGp,5,1.28,F,2/3/2004
ImJI,BBOxvr,4,2.22,F,20/3/2010
tBfFFynM,XK,8,1.61,F,22/12/1995
vI,igYURP,3,1.95,F,20/11/2013
hDEMtw,OmgzBxeWi,11,0.5,M,24/4/1995
afZnTSZD,mBAX,7,3.07,F,13/12/1998
jCkkgbqr,ZByQkqiN,6,1.46,F,4/10/1996
gbvz,GcijI,12,0.26,M,1/7/2009
zX,kFUtlgDxTi,3,3.46,M,18/2/1996
OpEbKh,oaxoj,9,0.97,M,11/7/2004
JwOTDzPjcf,ByNvCO,4,0.45,M,4/5/1997
jPMyhAH,PAZD,8,0.9,F,26/10/2015
DycHBCTc,pXkdNEW,3,2.5,M,17/12/1997
ywA,PWxeRWHH,12,1.17,M,14/1/2001
cGVjW,tOavqUtkoT,12,0.85,M,20/9/2001
iNzBPGRDp,JuI,10,2.05,M,13/5/2015
VPY,bYNB,9,1.44,M,6/5/1997
fEnzR,fwgOcWE,3,3.66,M,23/5/2005
VFnPQZNwP,cGDw,4,1.46,M,13/11/1999
FcAsWxkBjc,gQqGi,5,1.94,F,11/10/2002
YwAxbTE,vhughA,2,1.38,F,10/11/2000
hdggVRcz,ZdBALTkcfm,2,1.27,M,25/10/2012
jShIZhkins,jncVqKLJV,7,1.79,M,8/9/2005
ATQ,GDx,7,3.74,M,22/7/2010
XvyiaIlQCa,PSzyPoS,2,0.73,M,17/1/2000
xUvoUhcg,aaxeeepyK,7,0.67,F,10/5/2010
dpBSfdFv,XcIUv,6,2.77,M,17/8/2000
SNBJPj,iss,6,3.5,M,22/3/1995
ha,OdjT,12,1.01,M,20/10/2012
MlCPjBZ,FlFPjk,3,2.77,M,28/10/2006
EdQkUpnSe,bAqoOxpU,4,1.41,F,7/2/1999
iszzrm,MNV,5,2.38,M,10/4/1995
SsqORl,NRCO,11,1.96,M,10/7/1999
Krmz,HIeCXzh,5,3.6,M,1/3/1995
GAtTPn,sa,11,1.82,M,26/8/2000
aa,AKwmQRBgd,3,2.98,F,26/1/2010
Vwxx,OLEGWgE,7,0.98,M,4/7/2004
WJs,UIxpgA,4,2.91,F,1/8/2013
tqtuqHS,vDhRxugrk,12,3.13,M,5/7/1997
zPHNfXAw,FUWACPo,6,1.57,M,17/6/2001
nKqsBWenQZ,JSJXiLNLW,9,3.42,F,10/3/2010
OBdlnTWdJJ,AA,2,3.46,M,8/9/2003
HnkJSJnOBY,kcpdNcdeEx,9,3.93,F,3/8/2015
nYBIQpzFL,eqDhVEUCG,6,2.92,F,27/3/2011
fQKBCnpFIr,cU,4,1.26,M,16/6/2012
mqDZJtOoWU,qYY,8,0.46,M,27/11/2003
Qxfp,qqIcEb,1,3.02,F,15/7/2003
mRADN,ZFFeUh,11,0.08,M,19/3/2011
OB,hcYLDzkx,9,0.69,F,15/8/2014
XH,waOFex,3,2.75,F,17/1/2014
iadKF,Faikrs,8,2.56,M,9/2/2000
cVTBFlkfQ,qLMbk,7,1.93,F,20/4/2001
rWbWBD,eLiczn,9,3.0,F,22/12/2014
UXU,wfVzuDsn,11,2.75,F,18/7/2004
EUyia,lQnlVjtM,7,3.64,F,2/6/2014
ZeVFjVLVye,TbNdQTgHK,12,2.85,F,28/10/2008
WPUhdrNvys,dyXrZQ,11,2.91,F,15/6/2001
mCfONddEm,IQKk,3,0.88,F,23/3/2015
KISAZ,kcj,2,1.39,M,9/12/2007
arct,mJHEb,12,2.7,F,16/2/2002
ebzmtRFP,QuLxRIcN,4,1.6,F,23/10/2000
sfqwaIkci,TvxdUmxFKQ,4,2.01,F,26/4/2006
BQZYXloqo,kkSNM,9,1.91,F,15/7/2007
WMlGhN,KWDZKhQ,3,2.25,M,16/6/2001
JsdNGIohfY,bgtB,8,3.21,M,7/3/1997
nog,oqevqwf,7,1.19,F,16/7/2009
rNhvqQQOd,jwdRLk,10,0.13,M,7/2/2015
JJ,tJQkccqiT,8,2.44,F,24/5/2013
fklvP,XsDWhfzC,5,2.59,M,27/1/2007
gVuJFK,PP,11,1.73,F,28/11/1997
iyRBZUY,bLsqSn,8,3.58,F,28/3/2013
qgOSx,HjsLZltepb,5,2.87,M,28/5/2007
jNyxiD,zjexfWUf,7,3.15,F,1/3/1995
Iif,WZwn,6,1.42,F,1/1/2005
fNWBvgX,pzEjtzX,5,0.46,M,7/2/2008
syQSvit,nWEvlXzwx,11,0.39,M,25/10/1999
rPszYDVd,Bg,12,0.3,F,7/10/2010
jkpn,LrQuwGqi,12,2.35,M,11/7/2004
uzXln,IagmgsK,1,0.64,M,18/4/1998
Qm,AYd,12,2.4,M,24/4/2005
JyFbns,XPYZogY,11,1.99,M,19/3/2006
EbAOi,QzYkhPemX,12,3.26,F,7/10/2005
jMFuKP,Otegoe,2,1.31,M,1/4/1997
Bc,QczKy,4,1.55,F,18/2/2007
JNyCkkf,FnSiVe,3,1.75,M,23/9/2004
PdYtQvdjJz,ecqj,7,0.65,F,17/8/2000
mqplPlh,rQRQe,1,1.6,M,21/4/2013
FMJqVO,GXbuui,11,2.36,F,5/11/2001
cFPdsn,XQiHoey,6,3.93,F,10/2/2010
Kki,KrlZIOWJ,2,1.52,M,12/2/2006
pAXTZlveP,cfD,5,3.18,F,16/9/2009
FPYkBjOuQp,zpV,7,2.98,F,22/1/2014
eg,VaqURUZ,7,2.18,M,3/3/2007
oZUNtU,xdEtOORQYR,11,2.89,F,18/1/1995
JT,uYRaeLvdm,2,0.08,M,13/7/2002
sZ,mYRszqeHEg,1,2.68,M,11/6/2015
mdVxZGl,YpQQg,2,3.64,F,7/10/2009
Ab,HMGRhO,8,2.56,F,20/3/2003
HZBldSG,SMjh,1,0.48,F,8/10/1999
tnCXtQa,nlEExXM,3,2.52,F,9/11/1997
PWba,illRxQWDTe,4,2.94,M,24/10/2004
XmADKAw,QTSnjEWxN,7,0.6,F,2/2/2000
EAKfsXglvE,ezREaYxWr,8,1.2,F,19/5/2004
EGh,AIdyeiM,2,0.24,F,17/10/2015
LUizpJQ,nFmNh,1,2.14,F,16/12/2012
gq,YskuUqWN,5,2.11,F,3/1/2013
UuPIAiwLjW,xTmXaX,3,0.53,F,23/3/2009
nRswlUJh,vhxtw,3,2.59,M,16/2/2015
OdWe,ZJvTNhwFDD,9,1.91,F,2/7/2002
DT,MXS,5,3.57,M,9/5/2001
BVKvOLLZXP,Ucf,12,3.56,M,26/4/1995
bc,cVsWBTtuV,8,0.78,M,22/11/2012
VpjQ,gZsYrcTce,2,0.25,F,19/3/1999
MuN,fr,2,2.89,F,13/9/1999
hMQE,DBbaRY,1,1.83,M,22/8/2007
VtcWG,fWaOAcLWF,1,3.24,M,12/12/1998
ZtezPZr,Es,12,0.74,F,20/3/2006
xYBp,kMIFMml,3,0.7,F,28/3/2010
UIb,SL,12,3.81,M,26/2/2013
JSwkSWSK,KArFSRrYY,9,0.29,F,7/4/2000
ewGLc,rPUtmes,4,1.55,M,19/11/2000
ezvewdH,gpVLahP,6,0.82,F,22/6/2015
aAeghJys,uFtppQEhf,11,0.55,M,25/4/1995
BvyzAE,lNMADI,7,3.68,M,8/10/2012
iFWel,aMlln,6,3.73,F,19/12/2003
aECgh,beGJMuk,8,1.02,F,24/6/2007
NURei,HqGNqPa,3,2.35,M,13/11/2015
jWTW,Bg,9,2.77,M,21/2/2010
ZF,XWbAJOhHZl,3,3.54,M,7/12/2002
GrNTe,pRDZBv,8,2.82,F,6/12/1999
aVRnEkpdlT,MngyAJNXFp,11,2.38,M,27/4/2005
vLJVmvtp,rC,5,1.58,M,17/4/2000
OQQ,fqr,9,3.65,F,16/6/2005
lYrBEJAnuq,emaxM,1,0.4,M,16/12/2012
RPikR,qdunBC,12,1.11,F,24/6/1999
oXmwkWYD,KeqEZn,5,3.29,F,11/5/2004
GpwS,zsWQk,9,3.67,M,20/10/2004
GzsHiM,YelSkmjOG,3,1.69,M,16/8/2013
jtUk,MuwHdBt,6,2.5,F,14/9/2014
FuIj,NfspiXt,4,3.4,M,6/9/2000
BHSLv,vmTX,11,2.45,F,8/4/2002
pLjoBiolT,bAxrQySqC,1,3.87,F,14/4/2005
alKsUzt,jLQKIQ,1,1.49,F,21/7/2005
pDVPSRrM,tNeAwsATr,9,3.11,F,13/7/2009
QmW,FOrOKupc,8,2.12,M,15/10/2015
po,tAOpnIuNA,9,3.0,F,4/10/2009
wOATqTCxjH,qCMy,2,2.11,F,23/7/1997
BYsmkSNOIF,LhvsoANJj,7,3.72,F,21/12/2002
skvi,GDJgGJYV,8,1.69,F,19/7/2010
whUNS,gyC,12,2.81,F,21/8/1995
whb,ZSxmCP,4,3.99,M,20/5/2009
xmhq,hp,7,3.66,M,8/6/2006
ukxAwUyXs,mL,7,1.75,M,23/6/2009
Adk,EsNEUkyq,10,1.19,M,16/10/2005
ImuSX,Of,2,1.2,M,9/12/1997
jV,FExa,3,2.07,F,26/3/2001
jCSoQp,ZaUusGQdTc,4,2.14,M,6/10/2009
mausTzZK,vtlfi,4,1.45,M,6/6/2005
TFNPFuyg,AAE,2,1.53,M,28/12/2002
kxGJsOm,cyuM,1,3.33,F,27/12/2008
PKhoNpP,oS,11,0.86,M,8/5/2008
QTuxLU,pCCvjerpQO,6,2.25,F,7/4/2015
PzgojW,WyHyLKWeXp,6,1.9,F,12/5/2012
ISGjmbgEBI,hXzozTkoy,3,3.06,M,12/6/2002
iicgsUgE,rwjrv,1,3.38,F,15/6/2011
GDxWoVchB,bLvgzpYX,12,0.35,M,12/3/2012
eGh,Qba,12,3.1,M,27/3/2008
aTZDyvRlH,oIBgj,7,3.09,F,3/3/1999
yrnQHn,oCaBmr,1,0.31,F,7/7/2011
gkVGCveew,hFfU,8,2.29,F,8/3/1998
cUmudK,Rbz,4,1.51,M,5/11/2013
kiFQkMoF,DRWqssZZ,3,0.32,M,28/3/2012
KEI,md,6,3.24,F,25/1/2013
ulLSv,qtMUoYYzAH,9,1.95,M,21/8/2000
oJLqvMKZhH,fzXajYF,9,0.03,F,2/12/2003
KvavhUO,AHMB,3,3.21,F,19/11/2005
MTkyi,MszIhP,2,0.92,F,28/6/2003
ptgVsVKKFV,dpXDv,12,1.17,F,3/12/1995
gsRemGH,LdACEkLH,10,3.63,M,25/8/2015
NBjy,OVEI,11,3.1,F,11/6/2004
AbGGnCycM,SbUKZimTU,1,2.3,M,9/10/1999
ZjJRMNckC,Njd,7,0.64,M,22/11/2005
CvvoJTX,cICZzHdUJA,1,0.42,M,28/10/1998
MpYUZQz,MnmXz,3,1.73,M,2/6/1999
XUEul,yMYUwUlNOK,2,0.91,M,18/6/2006
tWDxKqg,MJs,11,3.98,M,19/11/2008
ddCU,JuEKn,8,3.69,F,2/12/1997
amHnTQ,famprR,3,2.81,M,6/4/1998
NE,eOn,7,2.15,M,7/12/1995
OqLEQBusW,DmRcXC,7,1.05,M,28/9/2001
XJGaXolvPn,lRenmgb,12,0.85,M,10/9/2001
FrjJAXLeiK,IPtCMlpYp,11,3.79,F,3/11/1995
eLN,QvFrjel,2,0.89,F,13/6/1996
TbML,giay,9,0.78,M,21/10/2013
HBfTiS,jbMgh,3,3.02,M,12/6/2000
scg,Pduj,3,2.3,F,16/4/2015
QdYOCjLFz,YzSOBEGPK,4,0.1,F,8/4/2003
gdSCRqSw,jWfjL,6,3.1,F,2/1/2000
BrwT,EBMPeUtK,8,1.12,F,14/9/2003
FCH,gaAcslGES,11,0.09,M,16/5/2004
AnXe,eg,7,2.56,M,6/1/2000
di,UE,8,2.97,F,8/7/2007
pEPIlQeOuS,oS,1,3.85,M,17/6/2015
luoIp,wi,4,0.94,M,12/4/1996
HHnJg,oAZ,5,1.12,F,23/1/2003
JraI,ppozMaSIb,3,1.91,F,11/12/2007
fVtmYR,rNStvvckF,12,3.8,F,23/1/2013
vr,RWJ,10,0.85,F,5/12/2001
pPmRvOBNF,oIEBWB,3,3.16,F,2/9/2012
GUys,KFnafKXdZw,2,2.53,F,5/7/2014
tqvRagzg,VvagRe,6,3.38,F,11/10/2009
THkW,aFpZVhYK,12,2.94,M,28/2/2009
cIvGrixatQ,Ab,7,2.31,M,4/10/2015
IcNh,KsgRr,8,2.66,M,24/9/2012
SKKCLIf,IQ,6,3.7,M,22/1/2011
vIiEHX,kh,2,1.51,F,15/2/2003
QqpxymF,WV,7,3.71,F,1/12/2005
GM,nSoMKU,9,2.4,F,8/8/1995
XnYKQhSH,SfAG,3,3.58,M,20/9/1998
EUHXYFNT,HbSyZ,1,3.02,F,10/1/2011
xj,Jhw,10,2.6,M,23/3/2011
cezYMAEyy,RQawiQuMcY,1,1.39,F,28/10/1999
DvpRKqyAO,KFhat,12,2.24,M,4/12/2014
kfqIcM,gHyeLr,7,3.08,F,11/11/2010
AiVxlTLJQk,Fkxjx,7,1.38,F,15/10/2010
FEKFkpYiub,PcYWTV,6,0.5,F,6/5/1996
CMdxOZ,FTM,1,3.55,F,7/11/1996
JTjnYXW,sCoPUuMmvt,7,3.17,M,23/10/2000
DbCzGcNV,xtaQzXD,11,1.96,F,1/2/1997
cWgmnCi,aNvWyiF,7,1.13,F,10/10/2012
fuuxc,YkeBMfZwd,3,0.94,M,9/6/1996
woJM,rreNmhsUm,2,1.55,M,26/10/2002
ZoAbHg,IMGV,9,1.57,M,19/9/2010
OztKisTap,MXTZQj,7,1.18,M,15/5/2010
kLYQjs,oJQv,12,0.06,F,26/1/1996
lBjEVgety,uWAhFX,2,0.85,F,4/3/2013
qnGHiornc,bX,2,0.94,M,9/7/2008
txopZN,OuJiUDg,3,1.69,F,25/9/2001
fSyZWOJ,WDnpqCMG,7,1.51,M,9/8/2014
qWaDJGMeZX,tKzxzMGv,5,0.76,M,26/10/1996
vFnssz,MinOHvzVm,2,1.66,F,14/2/2005
FIDzgWY,kVh,4,2.39,M,2/6/2010
PexU,keskQLc,7,3.7,F,22/4/2014
fEFm,KeJvS,11,2.17,F,27/3/2000
ifTjvTrryX,EaiYlHDHZ,2,3.24,M,27/10/1997
roMolb,OzBzLJvfJ,3,0.62,F,20/11/1996
cBWOo,jxuEvcbn,2,2.5,M,14/7/2012
hdhnFg,MbR,11,3.22,F,12/1/2006
NWFZ,GnvIgGsTpJ,2,0.92,M,25/10/1996
mn,sB,7,3.73,F,3/7/2002
LzdCkNq,duRXk,8,2.77,M,9/5/2006
oFDeGlhzN,lxJIyFYf,4,1.64,F,3/12/2011
WMaI,uxoqkY,4,2.77,M,11/7/2004
YKvzOr,gpsqEgCApm,3,1.69,F,23/3/2015
eTdDZrjZ,EUw,3,2.33,F,14/7/2007
hDBGABCxgt,AyFJie,10,2.57,M,4/11/2013
PZYhzhXSXF,uI,6,1.81,M,1/4/2006
LHwzdRug,gdsyF,2,1.23,M,11/3/2008
VPSs,cT,10,3.38,F,22/3/2009
DxqXcP,lCLjWC,10,0.89,M,18/8/2002
LaSoSJBVwq,kISPcUR,5,2.94,M,14/4/2012
UVVhpioEqE,MLhp,11,3.5,F,5/11/2015
lwOThtXk,CrPPRki,9,4.0,F,17/8/2001
pVaSf,RYdkd,8,1.73,M,8/8/2011
sa,Jl,3,2.98,M,16/5/1996
gLgdvOAi,PQeXiiHaY,8,1.91,F,2/6/1995
gCJa,oWuLe,4,3.81,F,17/2/2012
dZmKvrQd,dHVzZhcJEp,1,0.84,F,9/9/2001
pqOQmU,PptByfscHn,4,2.38,F,12/11/2002
dKiTKgRl,vz,5,0.41,F,27/1/2013
kLuLKYWfl,dvFGRA,3,1.81,M,27/12/1996
GIyeLnBkD,xyH,6,3.6,M,21/7/1997
gX,bQVethqjJm,11,2.84,M,14/12/2000
WZQ,bFIYBB,3,2.66,M,6/4/2014
luEW,GphSyKAyK,1,0.82,M,2/4/2005
lCeNVXkH,akoXP,7,3.36,F,1/6/2007
iqFnXBkI,kcItSlxw,8,1.65,M,26/7/2010
IH,SEwbW,6,2.22,M,25/4/2009
Zkz,boXIVAuDd,11,0.42,F,24/1/2007
HGyVv,EiCi,9,2.75,M,7/4/1997
gPsTuTaChu,gKTay,1,1.75,F,18/11/1998
gdCfXPSM,wxV,10,3.13,M,27/4/1995
XwUPP,cFPEAndygH,3,0.53,F,11/1/1998
TWUXK,LFfQGwMZT,5,2.2,M,13/12/2001
FYdswtwJqL,LlBjEZT,3,1.47,F,15/5/1995
ES,pXLoFfp,8,0.62,F,13/1/2000
QufU,cDWLd,2,2.08,F,5/5/2009
cXdoyrrBY,ZpZdNeyAUz,2,0.69,F,25/9/2003
MZl,NRXBCegGBx,2,2.99,F,23/7/2003
jQpUbabW,HmA,10,2.87,F,24/1/2005
ajOT,YNHINt,10,1.33,M,25/10/2003
UtOrSq,INJd,6,0.64,M,20/2/2008
xgOh,FJJ,9,0.38,F,21/8/2000
te,bsYqzX,5,1.72,M,15/12/2009
ewzC,zDoaIt,2,0.8,F,23/11/2010
vDmzvmJjjW,UdyjarD,10,1.32,M,28/4/2012
DiYOvy,bzVLRllo,5,1.69,M,8/5/2012
PYhn,rTuruUFtxi,12,1.1,M,8/5/2012
wzceEWkNAf,mVTYSMeosF,3,0.44,F,27/7/2008
Ue,eUFhhFjE,8,2.11,M,15/3/2011
AmR,Zupxm,11,3.02,F,16/8/2003
VMpllyD,MaP,8,0.46,M,23/4/2010
kbxWo,wcFaXM,7,1.86,M,3/2/2001
OzrAD,Rh,8,1.37,F,11/1/2004
fzjPTMU,eikJqNxVU,12,2.28,F,23/6/2008
wrAbcJstb,SJ,11,1.86,M,18/1/2015
nMVydH,yWIXKE,8,3.71,F,25/7/2008
SlioGLR,XNLakJQk,9,0.72,M,18/3/2013
oXVpXbkyf,YpYrgRWyzR,7,0.62,F,16/4/2010
ZzrHLDben,cDdFznUIp,8,3.39,M,9/10/2000
GfgV,bN,4,3.72,F,18/9/2011
bQBb,lBRWlG,6,3.46,F,3/9/2010
XdAHLYuX,lS,5,0.87,M,15/2/2012
PrLtlgczm,PTBEyG,5,1.19,F,12/8/2000
RlQShgKbM,pNAVoMx,3,2.81,F,24/8/2011
eGiQJKx,RtRpDw,8,1.29,M,2/12/1995
LVoTQKdAa,RtPVBzMB,7,2.14,F,5/11/2010
GveYA,wssHoifYVD,2,3.89,M,22/6/2005
DUbEt,AdrUH,6,0.63,M,4/4/2004
QRmHRHj,uFTdWpLCt,10,1.83,M,18/6/1997
tb,tcL,4,3.5,F,4/7/2003
aJviiJGUkN,bgtTR,7,1.94,M,27/9/1996
LcYGOIjPzv,fKxXN,10,0.13,M,14/3/2010
lmkje,KjqUufhcMc,9,2.17,F,28/7/1996
xwIDWDedO,aLmT,8,2.01,F,15/8/2010
dvkAaLID,vcmPAWEpr,4,2.9,F,25/3/2010
gOI,MBP,2,2.01,F,5/4/2013
MnELkoxe,uSDF,4,1.12,M,24/10/2011
RQnwMHt,XZ,11,0.61,M,13/3/2004
knadx,cjLGNGt,1,0.37,M,13/5/2011
oCexRI,xal,4,3.23,M,26/9/2006
fmiGWToBOc,XSHvhXAyZG,7,2.76,M,19/6/1997
eBAnfwxc,slD,7,0.09,F,27/7/2010
aTQq,gNBgy,6,0.57,M,26/6/2011
Meoj,AyLHB,11,2.23,M,7/7/2012
GCIRN,qBBLUuVp,4,3.73,M,6/12/1998
CXORAx,Jwck,3,1.26,F,10/7/2000
skRy,Kj,7,3.52,M,3/12/1997
wjAdVcjK,MGqAt,1,0.09,M,9/7/2010
dF,iv,5,0.08,M,2/8/2011
LbphUOj,uSjPQNKU,3,2.41,F,16/9/1995
JIPtLWrT,rBtRqIwj,11,3.76,M,21/7/2003
qTzUCXD,eVzNveamox,9,0.14,F,1/1/2011
WhInnO,TcsRZd,8,1.96,F,16/3/1995
wW,ElhekOcf,7,1.86,M,9/12/2012
LijyAXd,ynKUOj,6,2.45,F,11/11/2003
ByogZjOIa,HpE,3,1.67,F,21/10/2005
rRpiUsy,EuYkaK,9,2.5,F,1/7/2003
WVAwPM,GXI,4,2.0,F,17/10/2007
BQ,sUwy,3,0.15,M,3/9/2010
VnzTg,BPiCzjg,4,2.32,F,15/2/1997
TYc,INyoqBf,7,1.92,M,12/2/2009
LfZ,LWbItgJMP,7,0.21,M,24/10/2013
DxFX,sHOFDuzBYR,9,0.02,F,12/2/2001
SyYfhz,KNGpp,11,2.27,M,5/6/2014
nocSUqYE,tua,4,1.17,F,6/2/2002
QWYhewTtGG,RmFSOytm,4,3.28,M,15/11/1997
csUSAIe,fniykPrWXO,12,1.46,M,18/6/2009
XhfDYfNqY,tjx,5,1.4,M,8/8/2005
wW,hOwWzhYHs,8,0.99,M,22/12/2007
UJcmPxGFSA,TwLJFY,3,0.31,F,8/10/2011
GHoGovQZHK,WPIjbmVeAL,5,3.66,F,26/9/2014
SmXK,lF,8,2.09,F,12/9/1998
CBuVYOLHoZ,uJf,9,3.02,F,2/2/2005
DJlMlRpps,kqu,4,2.41,F,23/6/1995
mLylzdzn,gGRa,10,3.32,M,13/6/1996
XnpThydosY,Sm,8,3.6,F,27/9/2004
voKcT,QoJxIMdSzJ,11,0.02,F,21/6/2007
Nj,aXVuv,5,0.46,M,1/11/2011
TFThnW,vEEGuRx,7,1.3,F,15/11/2012
vZr,SXyhY,6,3.45,F,19/9/1997
yAADnibw,HRON,11,0.79,F,9/2/2010
wa,Lx,11,1.19,M,27/11/1995
IrWyIIeqEi,QmwrbMJ,5,1.59,M,1/4/2004
gLWBUZZwkD,cvhXwCjMR,10,3.73,M,7/7/1997
XmeueW,OoqRQIM,1,2.99,M,3/8/2002
yD,QEyluhYi,9,3.35,F,18/2/2015
ZlvIBUXty,FetltzL,5,2.82,M,23/9/1997
dFltEfjox,yoln,12,1.93,M,8/2/2001
KeLAJJKfk,af,2,2.59,M,19/9/2009
oN,Af,12,2.67,M,14/9/2010
LvK,xBcAhQyKh,12,0.76,M,14/12/1995
NtEVCH,sOkVSzB,12,1.45,M,20/9/2001
zLjHegjCxT,DAyiKzHsOp,9,3.61,F,28/12/2012
qQUqWwdBN,svTAd,10,2.44,M,5/7/2005
wx,CvTRzvc,2,0.09,F,17/11/2012
bYaH,vvIiErqqs,4,2.94,F,20/7/2006
IcnUyGg,uSkS,5,3.92,F,17/10/2015
iMIOeeyLH,jUhgHq,4,1.27,F,18/3/2009
LJpIHorzEA,yJE,4,1.18,F,4/5/2006
qElZGf,UyGdF,9,0.78,F,2/2/2001
iJ,qHtAWSozZs,12,2.96,M,12/4/1999
eybXug,pYIcDxpZ,5,0.15,F,9/12/1995
ZsvMO,oo,5,2.66,M,12/10/1997
LnARD,uTdkp,1,3.86,M,18/3/2002
seDCp,nEwwYwej,7,2.09,F,10/5/2014
ZQj,jw,4,2.22,F,12/10/2008
WZwsJ,fPRcPGAty,5,3.17,M,19/7/2014
dstfWiRFpv,KjHumk,12,3.13,F,21/5/2014
XGxYsE,yi,5,0.85,M,28/10/1997
eB,RIAuGXXD,10,2.67,M,11/11/2012
IDDafcwv,PysPJTYyh,9,2.2,F,9/8/1999
LCXHUU,dGIQW,8,0.14,M,11/1/1997
YCl,xenV,1,1.05,F,20/8/2011
jBjCDUPt,paoO,12,2.6,M,24/12/2011
Rrd,GUFJfw,12,2.36,F,19/12/2003
lJGdeAzb,uBwEBbWr,7,1.39,F,25/1/1999
ky,OCEkCNb,10,2.72,F,16/10/1995
aiBlTsIgX,qHX,11,2.0,M,10/11/2008
kDPE,BmjuMkFk,11,1.71,M,17/7/2001
bQCLGF,rpg,5,0.91,F,15/11/2001
DxVsmDeia,gpPq,6,3.92,M,5/6/2010
Ukksh,TAVwdW,12,2.62,M,28/4/2008
rZu,bCizO,7,2.8,F,18/8/2012
ckgyZVv,nYmzfn,3,3.47,F,16/9/2004
hExCRAA,fITYFKpm,11,0.1,M,4/11/2006
gxCWQRpoY,ZaPNBoP,12,2.62,M,19/7/2013
QlmSKrIr,Iotcij,1,2.38,F,13/1/2015
JR,KqjDeYbaXT,9,1.89,F,18/3/2001
tOuplo,wvCBpOqYgz,7,3.84,M,18/2/2007
pqPnXPMgb,jK,5,2.9,F,15/2/2015
NV,BAwKCsQ,11,0.21,M,21/7/2012
Hcjm,BvnFC,5,0.72,M,7/4/2002
YU,QrFJYuG,5,3.65,M,5/1/2003
kNwBR,ZkgLIUZ,4,0.55,M,5/2/2000
kqpKtGS,put,8,3.91,M,13/4/2007
dy,mzUzA,10,2.22,M,26/4/2013
ESIY,NUJvW,3,3.2,F,18/4/1995
QLcuEQ,KX,1,2.21,M,7/9/2009
RYt,gWgJ,2,2.72,M,10/7/1996
HJshZZJKOs,spXXmj,8,2.51,M,28/5/1997
lpbvpnIBd,KcUIuHGmoQ,2,2.62,F,4/7/2012
bpZVGPjU,cTAMIkLOlf,11,0.73,F,18/3/2014
OlcOSsQ,hmXIHbs,1,2.45,M,28/8/2010
otRTzBp,AhqYWNTl,1,3.74,F,17/4/2014
gRLgC,iyUO,3,3.57,M,19/8/2000
iEWUApPMqm,hTP,4,2.59,M,3/1/2003
yo,iqXeKnlSWX,3,1.67,F,20/3/1996
zM,vczesGFa,12,1.75,M,8/2/2003
UGtF,YLPu,6,3.42,M,15/11/2009
WtIXwPLiRh,iLECiTg,11,1.62,M,11/6/2007
ki,qd,7,1.44,M,13/2/1999
PrAwCDWCP,LcuDJQuC,11,2.6,M,25/12/2009
aZNHfXD,ItNJBerBxQ,9,2.14,F,23/10/2000
aFRJAuy,qDRBezMs,8,2.6,M,1/9/2010
yrkOmVXl,aCmXUabAY,3,0.07,M,25/1/2015
gOPWNbuIB,wJdVnolMiZ,10,3.88,F,3/9/2007
fBfw,BMVmlpy,10,1.44,M,23/6/2012
Qbyc,GrEkNXA,5,0.77,F,3/2/1999
JhXScnCa,jgdDEpkacC,8,2.15,M,27/11/2014
rnW,VDfH,8,3.46,F,16/11/2002
iq,csOcqvrEpO,7,3.68,M,9/12/1999
xfgvTls,gK,10,0.91,M,6/6/1998
RJf,yax,12,1.39,F,19/11/2009
PSVHBvPjE,du,12,1.82,F,15/8/2013
rsRzjVTDd,Yh,4,0.61,M,15/8/1999
UbOe,OPNRHuAdNB,11,2.44,M,9/8/1995
ZZAT,EPvqU,12,1.99,M,28/8/2008
xfcwzUB,DQHU,11,2.72,F,2/8/2009
sL,wSNgcYOZS,2,1.26,F,26/5/2009
lbQrbtO,Ikvr,3,1.48,M,11/9/2009
jySrjI,OpQF,7,1.15,M,15/7/1998
DbSVCMFqUa,BnrYMg,11,1.67,F,25/8/2010
yjxGTH,OaUjgqY,4,3.23,M,15/4/1996
hN,yqO,4,1.66,F,15/11/1996
htCfoYFoU,PTLicRbs,4,3.02,F,16/3/1996
SgvC,RNM,12,2.47,M,16/11/2006
RnJb,VBqbTCXDx,7,0.44,F,19/2/1997
QgtGY,ERjRjdN,11,3.86,M,17/11/2008
kuwvFtO,tSizaeBj,5,0.63,M,16/7/1998
Ix,yiSqh,4,0.72,M,17/4/2013
vvcdUfZ,yJ,2,2.6,F,5/9/1997
WnFTMPkXA,fVfz,11,1.79,M,26/10/2014
wvslJixnGA,fEMa,3,0.92,M,15/7/2000
BxIzEZ,WzQAZKn,2,0.94,F,7/2/1998
JYqR,vSOazdla,12,0.41,M,6/5/2004
Ald,kWmCP,10,1.0,M,18/6/2003
uBlAsTf,kyNFqK,12,0.52,F,7/1/2004
JFHsHNNQy,HDX,7,2.87,M,9/12/1995
jen,WARlu,1,2.59,M,26/8/2004
fEM,iieOZV,11,1.96,F,5/11/1999
OqzHwFbRaz,cek,8,2.08,F,10/7/2010
CbjvDJ,ciX,6,1.24,M,22/3/2010
fZm,KRwGX,6,3.27,M,26/5/2000
HGEaSXS,qnZm,6,3.45,M,5/5/1998
dCKwW,mN,11,0.4,M,26/2/1997
QI,nWhB,3,3.29,M,27/4/2010
ZJhWX,YuCRsLQnc,6,2.72,F,11/12/2009
neL,dMJvkVgeo,6,3.09,M,7/10/2007
frE,XUVnQtG,1,1.82,F,5/4/1996
mMSucQqsV,KR,8,2.29,M,15/10/2002
QLnn,vTTEF,8,3.59,M,9/10/2003
yv,Ro,8,0.81,F,5/2/2002
mC,Th,8,1.6,F,28/6/2003
vly,Vt,7,0.6,M,15/11/2014
atL,zunADMYLB,5,3.79,F,7/10/2002
AGqO,lEcccMcu,3,2.48,M,1/4/2012
uKvqAAFXS,oJm,4,0.11,M,16/1/2002
rBVKUdRj,Pq,6,1.05,F,13/8/2006
SyrQITQo,BtkHnWt,8,2.65,M,26/7/2000
mDQ,bFCS,8,0.31,F,6/8/1999
XFGMmPOL,LFMpKLNy,3,0.14,F,20/8/2007
nRFjJpo,ZzklVRY,7,1.39,M,15/2/1997
iozhTWIaUo,IsmwZsc,4,2.92,F,8/12/2011
Wd,YtzH,5,0.85,M,22/3/2012
IYO,DZUnVOLfLr,9,1.01,M,12/7/2002
cABe,YDbFrhs,3,3.29,M,16/11/2007
ot,kDevoICiH,5,2.04,F,1/12/2005
VXHsnWtf,KJTAGGaXe,10,3.59,F,9/8/1996
PnYU,SgzEb,2,2.61,F,18/8/1999
lgQIjf,telzMEZ,6,0.23,F,24/9/2003
mhYW,dlNUcPMfR,3,0.19,M,20/2/1996
GPdAqcLKxR,yE,11,2.5,F,11/3/2001
zJEAlNbF,tDU,12,3.97,F,22/11/2010
oxLz,MwrgnwVQq,8,2.9,M,6/12/2012
wZiRml,HdP,12,0.73,F,11/7/2003
vyDE,nJYjscB,5,1.52,F,26/8/2002
RJo,vc,3,0.26,M,7/6/2002
Xd,lJEeuhGho,2,0.0,F,12/2/2009
FIbr,PetZ,3,2.41,F,3/6/2008
rJQ,zNsUDhYXr,1,2.74,F,12/9/1995
oYtkaaq,hOa,3,1.88,M,18/10/2001
bIhLZVw,udVmqXDBkT,8,0.24,M,7/9/2001
eP,uVL,5,1.98,M,22/5/2007
hElxEl,TSCT,1,3.92,M,21/10/2015
FmcloC,MpQTkYFL,10,1.35,M,15/8/2004
uQUgzLaplk,gIphqjeJ,5,0.05,F,8/4/1998
rdskb,pok,12,0.42,F,24/10/2005
nQdmpbzvsx,rOKHVMV,9,1.57,F,3/5/1998
LTztpiA,nZncwB,9,2.39,F,24/7/2006
aD,UjPfdFY,12,1.53,F,20/7/2004
IQ,UtV,1,0.55,M,14/7/2013
wPh,XNRiN,6,0.99,F,13/9/1996
kbAqs,yVuQn,10,0.49,F,4/10/2004
nJFDpeaf,OKaEvgdH,9,0.68,F,4/5/2002
Ghdca,fZEoZ,5,0.88,M,21/9/2015
bMBkgW,Zs,8,1.56,F,6/4/2004
mDGjg,RYInR,5,3.39,M,19/2/2013
MiQSFY,dkC,8,1.97,M,2/7/2002
BCbIJmK,YEGPkc,9,3.5,M,8/2/2006
kwvbyIO,vha,2,1.02,F,22/11/2006
ioxzatmjI,uzAz,2,3.4,M,14/10/2010
dEomcAyoho,Xls,6,3.53,M,13/6/1996
LhbItSC,PQqXW,3,0.37,F,14/1/1997
DiF,CkHCwGlO,5,1.35,M,28/8/2011
LIERacGKHJ,VGYVRa,8,3.71,M,27/8/2006
SkCwKU,BbgVAjTXU,7,1.29,M,2/12/2011
jRY,KLJPnsZQp,10,0.7,M,17/5/2015
QOyYDElmZM,wfftf,8,2.9,M,15/1/2012
oginHVNvGz,frZPazF,6,1.65,F,6/6/2013
wUwOsPkYnS,RLVcmWAP,12,0.54,F,20/12/2007
mff,wCdsb,11,2.14,F,24/12/1999
kZLuUru,FOkb,9,0.06,F,22/5/2001
Mf,PsE,5,0.87,F,1/4/2009
YwqOM,ZFZrwWZyEb,5,2.62,F,25/6/1999
LgeBMVyF,TsNHZk,6,1.54,F,5/7/2011
RcgPD,lGhs,3,0.38,M,22/7/2006
amannClL,UBV,2,3.09,M,14/1/1998
wUamNJ,QF,7,2.33,M,11/8/2006
QtimSl,YvdRLhb,4,1.42,F,22/1/2015
jy,hmuMNiSnc,3,3.38,F,20/11/2004
NFhf,SahXL,7,2.18,F,22/5/2008
AeICz,FaVKw,1,3.69,M,3/4/2010
dQKz,hGvf,10,0.15,F,9/6/2005
DKGri,opHPhIcnm,2,0.58,M,13/10/1999
rsSYneNGB,ZNllkOW,1,3.73,F,2/4/2009
sppBH,YlFQR,5,0.08,M,4/4/2013
KsADUf,IZcSpd,6,2.24,F,5/7/2013
UbTvZvkc,XlNfjvg,12,2.28,M,10/5/2009
BZLu,wDKj,10,1.88,M,8/10/2011
ymAT,JB,12,3.9,F,15/6/2002
cXhAOtQ,FVONqA,6,3.83,M,1/7/2014
XawQ,PMnkiEciyT,10,0.02,F,6/7/2003
PciatnUf,NYnS,9,0.55,F,5/8/2000
PJEAzHT,xAWhfbp,6,0.07,M,1/6/1997
VJkU,tSxdPWx,4,2.1,M,20/9/2007
BdMP,YeiEc,1,3.38,F,21/6/1996
iQoxoF,yfGNZYkvx,3,0.67,F,27/11/1995
PMfNUFQMvi,edi,6,1.2,M,19/7/2006
fJLl,jJoh,10,3.09,M,22/8/2004
sAq,BYtZafq,2,0.43,M,20/7/2000
odqyQA,TCVBcplXDf,3,1.83,F,6/6/2000
Zhn,EimSxiRZQ,12,0.58,F,5/2/1995
ykuI,Ms,11,3.64,M,15/11/2000
KIOmgA,JdoJB,1,0.87,M,16/1/2013
Ymo,tbuRBpzNe,8,0.63,M,21/5/1996
Yog,BL,11,2.33,F,18/10/1996
krEBCnKDHA,BQnb,11,1.96,M,24/7/2014
qWV,WqrBBluOX,10,0.6,F,24/10/2001
DaAxclDpoz,iyA,2,1.04,F,11/2/2003
jzl,YUASAkLkg,12,3.82,M,7/4/2014
ugnDaoOnfD,EMKFwFZYDl,5,0.57,M,19/1/2015
PKgHy,wv,12,3.15,F,10/10/2005
pyrk,tZjEqgzrde,5,0.36,F,7/1/2006
fJzj,AnCP,1,3.91,M,1/4/2010
ELDh,Mw,1,1.0,M,9/8/1997
hTDd,xtPC,3,3.74,M,19/6/2000
xrjbxqfGU,DSawD,6,3.15,M,9/4/1996
UfzMZoZOI,IJDl,11,0.99,F,22/4/2011
WvTZ,hmzZvso,2,1.87,M,24/9/1996
gjNulY,bRHpCnVRr,5,1.43,M,7/2/1997
yIxw,QmUpURDfj,4,1.1,F,28/2/2008
ECG,ljJG,12,0.43,M,1/9/2010
YcjlF,xZqrd,7,3.09,F,16/12/1995
tyFXh,EmDVDlt,2,2.89,M,10/9/2007
mGnu,FXfVDbIz,10,0.25,F,6/4/2002
QS,de,12,1.35,F,16/9/2015
DkcsRXKQvy,mf,3,2.66,M,19/8/1998
QXSGupQg,asNusf,5,1.75,M,4/9/1999
ct,CgQP,12,0.22,F,17/1/2010
JRT,xgz,8,0.82,F,13/12/2005
NTdxKQpkar,SCQz,1,3.48,F,2/7/1995
XH,KCV,6,2.26,M,18/7/2008
oRKNX,kwSeAZmm,11,3.77,M,22/6/2011
kDMUpnfD,PFz,10,1.31,F,19/12/1996
yclCAhtJn,PvyQ,2,0.08,M,11/6/2003
NBbch,VFWZlLpPD,4,0.92,F,13/6/2005
feApbt,cNbH,8,3.11,M,18/12/2013
QmjgGM,MnQPTWUaC,12,2.99,F,7/11/1999
wcsZZ,oRaTA,10,1.55,F,9/4/2010
JVNPnsdBpp,VezGjLo,2,0.28,F,13/1/1999
InAR,ryYIJVm,10,2.33,M,11/2/1997
vpazbcqzJi,NYcKM,7,0.11,F,3/10/1997
yXXHzZ,hsrzypWWJ,5,2.06,M,17/1/1998
RziSMt,KezBizR,6,2.56,M,19/9/1997
AhTaePzsyz,xJgku,9,2.43,F,26/8/2005
UktbGnIB,PXkRhUsQMP,2,1.81,F,25/12/2009
FkI,FjisHFYTCn,1,3.98,F,8/3/1996
YzOXavms,XZEILPpGt,12,0.15,F,18/3/1999
ZmjbvSv,eeBDj,8,2.4,M,2/1/2006
RdkEpfve,MdmfAJ,10,1.63,F,13/7/1998
otTsrzPGG,LsCjiE,3,3.42,F,26/5/2007
fltnWglVoK,oCwm,1,1.46,F,16/8/2008
tsyk,Zzd,3,0.78,M,6/11/2008
BDW,dhONILqB,12,1.2,M,20/6/2013
cPvryUekMc,WP,5,1.97,M,16/2/2002
Yr,CUmysHtHH,3,2.82,F,5/11/1997
ixJJJoeE,TD,8,3.68,M,21/1/2007
tauq,YlEMQZyuxB,11,0.56,M,15/11/2001
WMnwQ,SuDk,8,0.99,F,26/2/1996
MnkwIz,srke,8,3.9,M,15/3/2015
JjoPo,kdtFUScM,6,0.45,F,27/11/1996
KbddQvqFqj,Dx,4,2.41,F,27/4/2008
nxnEUGJ,CZA,8,3.03,M,24/9/2015
shutN,rpNGkI,4,1.84,M,17/5/2004
iD,BHwbhxe,12,1.07,F,18/4/2011
SZUYPk,IUiYmLD,10,0.14,M,27/7/2001
Qzzm,PctTofjjen,2,3.37,M,9/11/1996
gX,bNlD,4,1.04,F,13/1/2013
JAKzmeXPre,CIIIQLNq,8,2.46,M,12/9/1995
tvPNCUrjU,reDUkSN,10,3.65,F,1/7/1997
lU,oifl,8,0.61,M,4/2/2012
KIzwlNSNk,DXlNOnWNo,12,2.5,M,8/4/2006
aOAyQ,zUTw,6,1.17,M,18/11/2014
DNlcixgqg,jSuZPwd,6,0.55,M,8/5/2011
eDU,ptJxXeisks,8,3.18,M,14/1/2004
ihfILE,Udxd,5,2.39,F,20/11/1995
Ci,jwwWgy,5,1.59,M,19/3/2009
djwNSKwo,DzS,8,2.92,F,14/2/2007
TgQcSXqgzs,THgJWiPyP,11,2.03,F,7/7/2003
fB,dK,4,0.01,F,24/9/2013
Eh,ZOuocPE,9,2.64,M,4/2/2011
EF,qDpzn,1,1.26,F,22/12/1997
AndIOYwz,gCkPZRAc,1,3.5,M,11/7/2002
sxD,fNErQpSK,9,0.55,F,28/1/2012
Qoj,IBZoIrMTzs,6,2.91,M,12/3/2010
uirTRB,qcrDVm,12,0.17,F,17/10/2015
cFaeztHx,DInu,3,1.26,F,16/7/2005
ylu,nazhymKYXq,11,1.84,M,19/11/1997
VA,aP,8,3.18,F,4/3/2009
vieSHGkan,pEpe,3,3.2,F,22/5/1995
EwiApcyu,nyAllMc,6,1.72,M,19/1/2009
mHP,uGQwZOltl,9,3.35,F,15/4/2008
gaNHERCMZD,RzyNPhBT,10,0.25,F,17/7/2012
FpqEvEvQX,xg,4,1.42,F,4/9/2001
UN,MrnVZmjYW,8,3.26,F,23/4/2004
pkk,PJMqBVSW,3,1.75,M,4/5/2010
TIuesMQXWH,uwGD,6,0.26,F,8/5/2012
yoP,VTidhL,12,0.28,F,21/7/1996
RAmK,gGDIvFxdai,8,0.21,M,7/11/1998
NUnAl,ewOtHOtnIR,2,2.75,M,18/7/1999
HCUUGr,NtPoP,8,2.01,F,10/2/2007
Fy,AEwCHIBuUM,11,1.89,M,21/7/2011
DEwoh,qhPfOXeuqj,8,1.36,M,16/7/2009
JVQAFkFHz,SdP,1,3.48,F,23/8/1996
qqKhIdCPE,OVNQ,3,0.86,M,6/1/1996
aOsdBfIdk,lFQahVX,6,0.52,M,3/12/2010
SmyyNxnW,LmAOVQ,1,1.22,F,5/8/2004
SHXyPtpRaH,eWKq,9,1.63,M,19/4/2015
MXMQiCGXnH,SzYycQfcU,12,3.74,F,18/2/2004
nXSdfpbjm,cjUlONsEFP,7,1.8,F,13/3/2009
rhkleiwm,hAfds,1,1.91,M,3/11/2009
qpnN,tDjz,9,2.1,F,12/8/2013
vvJokez,LNZbIdW,12,0.23,F,20/2/2006
kZTTZUE,ix,10,2.49,M,7/1/2008
VjQFxt,mKDOH,12,0.6,F,12/4/1996
PWgFB,DzwcVKtx,4,2.82,F,3/8/1996
igonzEQ,AcmVxSn,11,0.54,F,20/2/1999
hWxMIHgWy,DPnCnN,3,0.47,F,11/7/2011
iFLwh,lbsKfNyRX,2,0.47,F,6/5/2007
dYKxvY,tISb,9,0.14,F,5/5/2015
ACxsHpLoM,GyFpy,5,2.51,F,23/12/1995
ppF,vwdbHZUgzM,7,3.18,F,9/10/2013
NowVbe,IM,3,1.69,M,4/6/2000
BjDgsC,SVngLMdT,10,2.28,F,16/12/2006
nHhqWjN,Xacc,7,3.91,M,12/5/2013
mfjlRYWaG,LvbjZbBH,6,1.46,M,6/6/1997
PqKB,AlKYCBG,10,1.27,M,22/7/1997
YuOzIU,ifyoyUegA,4,3.2,M,24/10/1997
lTZ,lxLFweNxS,8,1.59,M,2/7/2011
RQI,CpeRiQU,2,2.88,F,9/4/2009
Sdvz,Lz,1,3.24,M,9/1/2007
lM,cwn,9,1.65,F,22/8/2004
FlD,iXU,5,0.99,M,28/8/2008
CxsAlP,CtcF,7,0.27,M,6/8/2015
MJJCV,iNMnmyA,4,2.77,M,22/6/2015
yIamwfmq,dMYUjeUE,6,1.16,F,15/8/2014
RIYnMbDdm,BGeA,3,1.27,M,7/1/2010
AKFe,bXzYfTAp,11,1.77,F,1/9/2005
xnHyGi,nPkhGK,3,1.5,F,28/5/2006
MVchar,PrgK,9,0.33,F,10/7/2013
Ut,xGWizHFQVK,2,3.11,M,21/7/2007
CJs,IqHpXqxHQ,7,1.83,F,20/2/1998
NXtoibJM,KKLynRm,5,1.42,M,18/4/2012
Zg,XCRFc,3,0.22,M,21/9/1995
KnbKlRGZ,DN,11,1.02,M,5/1/2005
DlZbKaOWNV,fqeOCP,4,3.85,F,23/8/2010
KdWMYKIqDG,CEgFFXAZT,4,2.62,M,6/6/1995
XVqFRe,UbrXMiK,12,2.22,M,14/5/1997
MtZosng,gDB,8,2.1,M,17/4/2005
PXhLy,DTwMvNLdPZ,10,0.01,F,1/9/2014
GjBcLudeA,RIF,2,1.21,F,12/6/2012
Vfg,lNrH,1,0.94,M,5/11/2008
tnzsppOtT,JBqzMhUeC,8,0.64,F,8/12/2006
uxXSsGm,VHTwTQQVM,5,2.4,M,17/12/2015
lfXK,LuvHUe,4,0.98,M,15/11/2004
triLiyfs,LAoIhPCTgF,8,2.34,F,17/4/1999
tECATr,dYD,1,2.43,F,18/6/2000
TWcmdSLt,Zejwktug,1,3.74,M,13/1/2009
Ukc,Lg,12,0.44,M,2/5/2010
PtdB,xMzO,10,1.23,M,17/6/2006
yGcli,iZ,2,2.74,F,25/6/1996
GIGYB,wgDHroszu,1,1.96,F,25/8/2007
dSQIJqZImL,BKZdI,3,2.94,F,8/10/1999
OCZ,UTbOdxY,6,2.99,M,22/3/2006
NL,PcmbDCbGe,6,2.88,F,23/1/2013
WVBBrJfU,XVKkHE,2,3.07,M,1/7/2009
tRgBBFjgd,BLUim,9,3.05,M,5/12/1997
Cju,bnv,11,1.17,M,21/4/2008
uhosNYR,gXsJdlV,2,0.62,F,6/5/2003
ocF,ExQROEO,4,2.04,M,6/12/2000
Llnj,qGLjKO,3,2.48,M,3/12/2013
GTPAyo,otMXV,4,1.66,M,17/2/2000
dZlJe,MhFgjRyr,5,0.82,M,11/9/1997
fIcm,UY,12,0.32,M,18/6/2000
BcB,fOZoMFf,7,2.37,M,16/1/2007
enEoC,RtFVbQZGZR,2,2.66,M,22/7/2014
WXMGI,hSLyK,5,3.74,M,19/2/2009
niQBH,pUeBo,1,2.59,M,14/7/1997
nYHMwZu,IDeWxOoJb,1,0.03,F,20/1/2000
CxBTb,JZsHV,5,1.14,M,14/8/2000
JlOlwHtrw,YL,11,3.42,M,12/4/1999
JuvXbqJ,ZaFNMrLCJm,3,0.15,M,16/10/1997
ZrYQySOgTo,aq,12,3.49,F,21/3/2008
oLwIhob,YgynVG,8,1.56,M,11/8/2005
gIfsYUVvW,OIiJVpuxQ,5,3.41,M,18/2/1999
beUYRPwgUr,ZXX,3,0.1,M,6/7/2011
ERyILr,BYDcwf,12,0.22,F,7/10/2014
xnGGomEd,QTJhYefqC,8,3.92,M,6/6/1995
pEA,VjY,12,3.41,M,9/8/2005
blcSpTKY,cEbYwPJ,12,1.74,F,3/2/2005
Qkcwo,EbaHYAJ,1,2.22,F,13/9/2007
NOemrPZ,QTuUfois,9,2.87,F,10/11/2005
QqTxvutq,OAI,2,0.91,M,11/7/2002
OFDGF,Wu,4,0.64,F,15/12/1998
KoiAMGOHcy,MLUsE,7,0.15,F,28/4/1996
DNaU,qPyJk,4,2.57,M,13/5/2006
KwURae,sTJzGE,4,2.07,M,18/10/1995
AUUkbJNBJA,NORy,6,0.08,M,26/8/1998
FIUuB,PbKcJsmnn,12,1.43,M,14/2/2009
TdQII,rSAqRO,11,2.28,F,23/12/2009
avv,YNS,10,2.6,M,25/3/2013
wR,gjVjiCba,10,0.38,F,3/4/2007
CXe,jWGHAOWbQO,7,1.61,M,23/5/2015
szQo,wdErCiMu,1,0.26,F,19/12/1997
Npo,PJUFDMcT,7,2.88,M,26/9/2008
mKmSRCENR,Od,3,0.85,F,8/1/2013
cVweTK,QajDljVLwP,6,2.13,F,14/12/2006
Adt,YKg,10,1.68,F,10/2/2013
Ysjzh,pbyB,1,1.82,M,19/12/1996
USG,bVyls,9,1.68,M,25/4/2011
ZTZjj,Xz,3,2.19,M,24/5/2002
gRYTS,wJxStMRIVu,4,2.93,F,10/7/2010
OTSwRGzgVh,iZkutC,7,3.15,M,15/10/2006
yepa,UJlmsoYRIA,1,0.34,M,25/10/2014
XFz,vYGa,1,2.81,F,21/4/2007
ioVMfy,GlcXrGr,6,0.57,M,17/8/2005
TD,EeT,9,0.76,M,1/2/2003
evZi,PzomhOtI,4,1.04,F,5/3/2012
RwOdEWOb,vGtYvN,11,3.23,F,24/9/2015
hhHObxrh,JIHPuYNi,8,3.38,M,15/2/1996
oFLavYYgrX,sPAQTj,12,1.74,M,1/7/2013
biLhSHvzo,pEyks,4,0.22,F,26/2/2004
rNFncsyen,crBCxtp,10,3.22,F,7/11/2006
GjsRF,aWVirE,3,3.36,F,12/4/1996
CDQmy,XnQokzlW,3,3.79,F,21/5/2006
LDZvsmVCsM,sSkaieCiP,7,2.25,F,11/9/1999
dHy,ARvw,8,3.0,M,26/1/2004
KXoYQGUtm,nEDeRY,1,1.02,F,7/4/2015
KZR,gkSEiLP,4,1.19,F,28/11/2007
ukCKoN,AHTWFPpkr,6,3.82,M,16/6/2011
kntWLU,BgDKKsoMGS,6,0.45,F,17/2/2013
UEHvDHBZ,lsPsOFXEi,7,0.08,F,2/3/2008
RZeZ,luVSPiDNQN,6,0.46,F,21/10/1996
LcyRze,dnqHYlG,10,0.12,F,28/6/2013
qq,UsnM,5,0.86,M,27/7/2005
ZrKHmXSaHp,hKVpijKgvi,3,2.45,M,12/5/2007
Omop,pCw,10,2.48,F,28/5/2014
vCRFIGlKM,PzrGlRVb,6,1.99,M,17/8/1996
pUvZR,pDRTT,6,1.61,M,21/10/2011
ClO,kQdChvn,3,2.96,F,21/10/2006
YNuLWwO,mgaWAPW,8,2.6,M,16/1/2008
Rswr,sbEh,4,0.76,M,16/10/2006
gsBbtwxw,bmKIKlOXG,8,0.01,M,10/6/1999
PKzlyaW,kCWrEli,9,3.09,F,1/10/1997
qXZON,nVsoVSDixK,2,2.09,M,14/6/2009
ZAWAJ,rsmT,4,0.79,M,6/6/2006
LMpCbrLMA,idEKpbbJn,4,0.27,M,14/1/2012
Eb,NpOHEzzb,5,2.99,F,3/9/2010
kTLwDvhjGg,FLaB,3,0.37,F,18/1/2002
KQGHI,HkpWJRxISS,8,2.5,F,14/2/1999
caqINx,IScHoijFsN,6,0.3,M,26/9/2006
hRwTj,jgNPXe,4,0.4,F,10/12/1995
aJRm,rIja,10,3.54,M,21/3/2006
ZUvanwqEa,FvaqSPUtxc,5,0.04,M,1/6/2015
NKMO,gyCgCLKlZ,5,0.2,M,22/4/2008
XoTXbkGA,BfMGtUx,7,0.15,M,28/8/2007
afKcwa,phEsJCBC,11,3.62,F,18/3/2000
xrcVt,McPdcxso,9,2.51,M,27/11/2003
tWShqvreX,jt,4,2.41,F,19/9/2008
ChyJYGVeWW,MNAwAWa,11,0.85,M,11/4/2012
Go,yHeVW,9,0.78,M,5/11/2010
XWAcI,EMXJRClrvF,6,0.14,F,10/10/2011
pBTjKP,dBufNLoEh,7,1.29,F,17/10/2003
XvGmUBBn,npxnHt,2,1.53,F,7/4/1998
oME,ZBUrCw,8,0.99,M,14/12/2002
lGWw,yGrx,10,2.64,F,18/6/2000
PiX,rZWc,6,3.99,F,4/2/2011
AQdhzITBgZ,uDnRkfiVLX,6,1.96,F,28/3/2004
so,jZzdDZwBle,2,3.68,F,10/5/2012
AAtyA,UQvvcmckxA,1,2.71,M,6/2/2011
hxDIc,sWtobA,10,2.91,M,21/10/2013
SL,PPdF,9,3.22,F,12/3/2014
vLUz,hfr,5,1.81,M,15/9/2012
ZQZMzVTTC,xjfsrfTcOT,9,2.09,F,4/9/2013
SKCNHBLzS,sOmeuYu,12,2.19,F,25/7/2006
qV,KdJaSo,10,2.61,F,5/1/2015
IiOSJEqlB,YZiPBL,7,3.48,M,7/2/1996
EVS,IYXTSaF,3,1.55,F,15/1/2009
hrdYTCjU,tS,3,1.0,F,23/7/2002
OZyybp,kyvHVCiko,5,1.22,F,27/10/2008
jo,qhIyySqTIh,10,2.47,F,9/3/2005
Lec,sDttg,5,1.06,M,18/2/2014
SO,rK,7,0.69,F,19/12/1997
UhnrYFK,emzTOV,12,1.39,M,3/8/1995
uymc,noimlvTm,4,0.07,M,23/8/2005
cMnAohPJt,Hsu,1,1.51,M,10/6/2009
tLQ,ju,6,2.31,F,1/7/1995
dky,OKzYAYLkC,2,0.42,M,22/7/2010
PcbcDQNDfR,PEBDAyyNH,5,2.98,M,6/3/2008
HHPlhQeXUl,LzpNkcDs,11,3.19,M,1/7/2011
Of,opyG,9,3.71,F,26/12/2005
yHFcgwitGh,Bc,5,2.29,F,9/4/2004
IjauVUX,DEq,4,2.15,F,21/11/2011
kvaqMbrcUO,pecbyH,2,1.5,F,9/2/2001
xXDcQIsC,bVRG,9,2.54,F,8/10/2003
broI,FbMtHpuju,11,2.51,M,7/1/2008
AHnB,PyJITMuIvj,5,2.9,M,27/2/2006
whPxmO,ZJtHJ,11,1.83,F,24/6/2008
mcI,WrxhqwaqX,1,1.88,M,6/1/1997
siUVOScNz,ktOCOS,4,3.84,F,10/8/2011
Wcyn,Vc,11,1.55,F,14/8/1999
TnhTxTThVX,aPpOQuAGS,9,1.74,M,5/9/2010
LxuANfO,fve,3,0.34,M,13/3/2009
Gby,pvvTEi,8,2.3,F,17/5/2013
wags,gQGOirzRk,3,0.41,F,6/10/2007
Xsqyijkxo,GGwQY,10,2.17,M,27/1/1999
nbmnOf,aSoFJ,6,0.38,F,14/6/2012
pAbVWNdwk,ai,8,3.57,M,25/8/2000
HxpJXAALd,tUMxaKNdQ,1,2.26,M,27/9/1999
cDgMFr,xszq,2,3.08,F,10/4/1998
Ia,zToqzLaNM,4,0.83,F,13/1/2003
yF,zizrNzlMXc,11,2.24,F,18/8/2008
KfmD,KhaREg,12,1.8,M,17/12/2012
yuMAVZw,BmaMJE,11,0.28,M,10/6/1995
tLk,hlsCTr,4,2.44,F,2/5/1996
ho,zqqfHIvLxZ,8,2.93,F,21/2/2010
ZFFadA,daCMv,7,2.59,F,4/7/1998
NqqMp,AAvepvbMw,4,0.92,M,2/2/2009
TZ,XHCfGt,4,1.73,M,17/4/2004
gIIlIt,qqKbGvRO,6,2.48,F,22/10/1997
QkpyHLTjj,qXVADOfiC,9,3.37,M,7/8/2005
By,WfAmsOs,8,0.35,M,4/11/2001
tQ,ljIGBYMUQ,9,1.19,F,28/1/1999
uxYOezbOhE,QXzZ,11,2.78,M,13/4/2008
YKwfqf,rX,2,1.79,M,17/8/2001
HwhQAHl,MpGH,1,0.01,M,21/11/1999
MeFWrVFHa,wIyQBRnLuV,1,0.76,F,28/8/2013
faPfPABUkS,xYHnUFVVjo,9,1.37,M,10/4/1997
HdfIDhUoyU,nH,1,0.31,M,4/2/2009
uB,xIcRygj,7,2.27,M,11/8/1998
FMEkvaVXVD,gp,7,2.79,M,22/5/2004
HUFqY,zNmHGHr,10,1.57,M,24/2/1997
ykN,xArgtrHbby,3,0.7,F,10/5/2015
ckQeZf,TPFn,3,0.88,M,17/10/1998
zGepfFkgj,cka,6,2.79,F,8/5/2011
zoK,Iz,3,2.61,F,9/4/1999
its,CwfegO,11,2.91,M,3/10/2003
xgCLVaBc,HmGvAE,7,2.35,F,26/3/2009
EKEkxIYQMS,NtMCWrN,10,1.0,F,22/8/2004
ybuRYVdo,dF,3,2.25,M,18/12/2014
IniSxEHpwP,kUqn,1,2.62,F,14/11/2006
unGs,WrgNIVA,10,3.03,M,3/2/2011
KjkbyBA,GPkv,12,3.81,F,15/3/2007
UxsMDYIo,VFaNde,11,2.18,F,20/1/2006
hgJzcYb,xlvN,2,0.63,M,16/5/2005
hPnYZX,Atlgb,2,0.07,M,23/11/2001
GXqGoODdOO,MXjp,5,1.1,M,23/2/2009
UkrfbdnHNm,hUY,9,1.26,F,12/2/2008
rLfRhJen,PlR,6,3.46,F,4/12/2005
BxmQBU,pb,12,0.23,M,5/10/2007
JkNDuAha,JJ,3,1.13,F,3/1/2015
gCzbLY,FLAXCk,11,2.16,M,7/2/1999
KU,MVBYHKsC,7,1.72,M,15/10/2011
vgWV,PicdmlOE,9,3.74,F,20/11/2013
CjljPY,AeB,5,0.54,M,4/2/2008
qpGbnnRI,XBBR,9,2.07,F,13/3/2010
hJUXckv,RFCbRA,11,2.66,M,3/9/2000
KXvvwPHYtZ,hbEkyqQFRf,11,1.69,M,10/10/2015
ACPbAMhWuY,lZVXvkFJT,3,3.99,F,19/11/2011
iJicMmR,KKhxrmUTF,4,2.9,F,21/5/2014
ySiY,BRoIe,9,2.6,M,1/4/2000
efFIV,ZsgkB,7,2.61,M,26/11/1997
XZCJQk,xqXSyXQao,9,1.72,F,21/3/2004
edqmAAeg,vQMKsr,8,1.98,F,27/12/1996
vkbsynIrr,Zh,4,2.51,F,28/11/2003
LeEcKImBxk,UKZbHYA,5,0.13,M,6/4/2009
XuXLzkrrT,nwX,1,3.75,M,19/1/2015
LO,yhQPFGEUp,6,2.23,M,25/10/2004
IgBFX,nuTsD,5,1.19,F,2/10/2000
qIqATbTFd,NvJBU,4,0.28,F,2/7/1997
blm,GJhkoYp,4,2.08,M,16/10/1996
PLn,ob,5,0.76,F,8/7/1997
WY,yDPraiN,8,0.87,F,8/4/2014
cKQNBh,HJWKu,10,0.35,F,6/5/2001
yeI,FkOwq,4,2.21,M,12/8/2013
IbtiUSk,VDgPSNnAJ,2,0.73,M,27/4/2014
plZyaq,hf,11,0.13,M,20/7/2003
eMWDfZqC,imXHCvK,1,2.99,M,28/6/2006
qCpmsAtn,LIwa,8,1.01,F,18/9/1996
QKQIE,squ,10,2.75,M,1/8/1998
vwXOIebPWo,gmnQ,5,2.01,M,19/9/2014
BpCofClgA,djYpXK,9,2.52,F,1/7/2001
wNB,FowcJryCk,8,1.17,F,15/5/2007
aN,sayNaEuS,9,1.53,F,20/7/2011
LBfVeVH,rWbOPyP,2,3.23,F,12/5/2014
fstDLRq,uhmrKLm,6,0.58,M,21/2/2004
ZVSKQqDCh,IOrV,10,0.7,F,4/11/2009
mycWFmZJo,oAMMnS,1,3.07,M,5/6/2010
ysDMZmu,QwYO,6,3.33,F,28/7/2000
uKYDGAHbvZ,oQlIb,1,2.9,M,25/2/2008
nsh,Rr,5,2.64,M,26/10/2013
qVyXEZ,ldbHrvPjB,9,1.48,M,22/4/2011
TzcA,snCV,12,2.99,M,2/7/2007
tHUAFB,AQdzVq,2,0.58,M,21/4/2010
KMac,ZXj,2,0.94,M,1/12/2001
auhAgRLV,gddAj,9,3.77,M,11/10/2008
WIaiRTvu,RZQqQszA,2,2.53,F,1/10/2008
Ufd,yXsatudF,5,2.45,M,21/12/2003
HVIpDeMYR,nO,12,2.49,F,8/4/2002
gFVOUSU,xejIQxkckw,5,1.11,F,6/1/2006
piHXDr,jc,10,0.67,M,15/6/2009
Sioc,kAr,11,0.6,F,24/12/1999
PgPzKeHy,CSoQfbKhEk,3,3.38,F,27/5/2003
NaF,TZsxqZ,9,1.46,F,16/11/2014
yADlJG,MHVWtbZjbZ,3,0.17,M,7/1/2003
LuqF,dtFf,12,0.1,M,1/2/1997
Qwr,GLbw,5,3.07,M,23/9/2009
VaOtKwmO,PqLPWCIYcZ,5,3.33,F,13/1/1995
nWUuDwF,uxUSSjHwN,2,1.75,F,5/12/2000
EdZcqlBqm,sLJccSAJu,7,0.11,M,25/6/2015
YP,hMseQ,9,2.28,M,5/11/2008
UuY,wtkjdKU,2,2.3,M,6/3/1995
ZnZVxgx,jwabQzh,2,3.46,M,26/10/2012
EWvvcrIv,xFkMGdTqxd,10,1.25,F,6/8/2009
oUhoNJTFe,oJNVDaOqJK,6,2.23,M,1/1/2002
gjOXFEuL,ieE,7,3.43,M,19/12/1996
gZZjce,ujODL,11,0.66,F,25/4/2001
FbZaktHl,cNE,7,3.23,M,23/1/2000
qsW,cBp,11,0.91,F,10/5/2009
kzCUYzWHD,ppgXbm,11,0.02,M,14/12/2012
SYi,BgoClweU,11,0.28,F,21/6/2015
MF,ZkDTSwx,2,0.01,M,13/7/1998
hokPHOtN,cY,11,0.74,F,13/1/1996
lhol,yNXUKRPUS,2,0.74,M,3/8/1996
tQm,plSFeJuMk,9,0.32,F,12/11/2001
cPKJ,eInM,12,2.56,F,14/4/1999
ROQOBUySC,cGuo,11,3.36,F,18/5/2011
VQeNQWmsn,ptypzl,9,3.08,F,8/6/2008
CUSNIPXJT,YGwu,5,3.48,F,17/4/2004
DIoZ,Nx,5,2.15,M,28/12/2003
rnri,Rj,11,1.73,F,21/11/2000
FTQ,MUxZmHOKA,3,0.84,M,15/4/1996
iCMSLd,cvy,5,3.38,F,24/4/2007
iY,XcvGiNt,4,0.97,F,7/8/2002
EWz,ZqF,3,0.2,M,6/5/2013
xWvk,SZmZSbX,1,0.55,F,25/9/2010
wYiMIyYPvN,daywM,11,0.73,F,28/11/2012
lnMxFhI,gkjmffB,6,3.77,F,21/4/2012
RwexFM,qxtdepfGm,12,0.56,F,12/9/2015
FRyNhrYXZj,wZgg,5,1.58,M,13/5/2015
ogW,mura,10,2.28,M,11/11/2012
AcvqfTYAl,XKe,2,1.36,F,6/5/2013
UyNj,ieuU,2,0.75,F,22/6/2009
Qni,uLMaRhDKJl,5,1.56,F,6/9/2014
yspfVR,QJQycbCdvq,10,2.41,M,18/6/2012
Guc,gTgzCANQwf,10,2.54,M,1/10/2013
OP,GJOXzHN,8,3.56,F,20/7/2008
AFXvBrLqU,GyuyiRPxbM,3,2.35,M,28/7/2004
aLj,nbdlNG,8,3.96,F,7/9/2006
reSLYYP,FBemCgfN,1,1.37,F,14/12/1997
uYdBN,ggKqExt,3,0.99,M,27/6/2002
OYtMNv,bdbk,2,2.24,M,11/6/1998
AlEa,SWA,12,3.37,F,11/2/2002
QMUOYvq,ZO,9,3.94,M,22/11/2005
FxMsahLSOX,BJ,3,3.69,F,24/8/2004
bxIGrdit,aiGahQhgf,10,2.29,M,22/10/1995
AkljmoDgU,hzdjBFMeeG,10,0.48,F,21/7/2001
aTccD,UZVKKRGt,11,3.12,M,17/3/2010
gZBP,lDnXIFXr,12,1.27,M,3/12/1998
rijcXc,uX,6,0.6,F,28/12/2006
jgXVRYo,zJSnWa,7,0.81,M,10/12/2008
tYsVztxwdo,COdzvV,12,1.62,M,21/12/2011
zSwCu,MhQAdhGCKk,6,3.39,M,24/9/1998
kbWR,fqJGbYZOy,6,3.86,M,23/6/1996
nVjo,eE,7,1.33,M,5/1/2001
TFsZsgvcj,tBpAbK,4,0.3,M,5/4/2011
ncNrojkQL,tGYip,4,2.35,F,4/6/2013
EvEcbYz,ThS,6,1.12,M,16/4/2004
reQWlt,yZUDzOV,12,0.04,M,18/1/2004
jgDPdioFK,ylM,11,0.02,F,16/6/2014
uAKwUuZX,KRdPJKX,12,0.11,F,28/2/1999
rfoNrQBy,pbIurRqToc,4,2.45,F,12/7/2006
cO,cuuVATOk,10,2.16,F,25/5/1996
SPhIULa,bXLPB,10,2.86,M,11/11/1997
IAoH,ndvcDs,1,2.08,F,2/5/2011
OKRB,KTydYGZSD,1,1.18,F,5/3/2005
KQ,fVsYZa,7,0.17,F,17/1/2001
Uf,sKP,12,3.95,F,27/4/2008
LhnaWcFCkz,fRfGHE,12,2.0,F,28/3/2002
kGj,OzZLcwf,4,2.07,F,22/4/2001
VwTQrPY,yJaq,10,1.94,F,9/8/2000
pT,yNvKRBe,10,3.98,F,17/10/2011
ZPjmKxF,FrgfoEbfH,11,0.03,M,24/4/2000
EENbMKWt,FuNsDp,8,3.41,F,13/12/2002
MI,HLt,6,2.95,F,20/1/2000
xUuYtmb,UZy,8,2.38,F,22/9/2002
ZzaAsKWd,xAftMnAyQ,11,0.25,F,13/12/2002
nVXpSiyz,ybSBBVjYH,12,3.31,M,8/10/1996
nOvARn,GKoFwxbdbi,11,1.4,F,2/8/2005
WU,Tsejo,2,1.12,F,17/7/2001
sjI,pnGVT,4,3.31,F,12/9/2004
FnfsknLQG,lOGrzC,3,3.79,M,8/4/2007
mLdAsnp,vUHpz,1,0.75,F,26/11/2004
KY,hwSLkX,11,3.41,F,3/8/2004
NfOrpl,wQmPoqKJR,3,3.85,M,1/6/1995
VynIdY,oVDcghDZ,12,2.62,F,24/3/2009
wfsDtl,OFejEKkz,3,2.97,M,9/3/2012
NnhK,GWrjWiW,9,3.86,F,6/6/2009
XKT,PrqRmaN,9,2.13,M,19/4/1995
LfDI,Ofq,8,1.54,F,5/9/2006
TUO,snmmSyrm,1,3.16,M,8/2/2004
hHxaEhQTz,yhUyvw,12,0.91,F,23/6/2002
feEeBZEv,tVchiI,1,0.18,F,18/7/1999
RbyUL,Vs,8,2.45,M,21/3/2010
NxGj,pIzxahF,5,0.81,M,12/11/2007
BL,UDygw,2,3.4,F,9/7/2013
mcLP,nCiSauM,7,0.98,F,5/2/2006
Br,mte,3,3.97,F,17/5/2005
kYSyb,UcFl,8,1.6,M,6/6/2011
Lr,fcApkEDZ,8,0.0,F,9/2/1996
lVLdURECpn,uXPWtHSg,4,3.84,M,18/6/2001
UnbDsPHe,RbypWrysfG,11,0.15,M,6/11/2001
JDoo,TQwFmXGcG,12,3.47,M,25/5/2009
ewm,owBMXFS,8,0.35,M,13/8/1996
VujEses,ZaptF,8,2.38,M,14/6/2001
Ac,HzCDCI,1,3.64,F,13/8/2012
BpBuc,PJUe,1,2.97,F,9/8/2014
OnnecegU,SmmGy,5,3.36,M,26/8/2008
FO,odSHWma,12,0.84,M,6/5/1996
PVBNupuo,azu,4,0.59,M,17/12/2009
GGkUBbr,LReCBZdKX,5,3.82,M,4/9/2003
tJstlh,aa,11,1.9,M,13/5/2015
ZHZ,cLWepkYMm,9,1.85,M,16/4/2015
VKAFzlBkg,EIaqVkYg,10,0.73,M,9/11/1995
pfbTCNk,Fgk,7,2.4,M,5/7/1995
bASuP,UfRZuyU,7,3.36,M,13/7/1997
bGxUYWm,IJKkZg,1,2.91,F,6/11/2014
fiffd,TztDC,3,2.03,F,9/7/2005
NneEeXQJ,lxSl,8,3.22,F,20/6/2006
crzuWpu,LMx,12,3.64,M,17/12/2003
PLMk,ltGk,1,1.79,M,21/10/2003
hETn,eDsDcG,1,0.3,F,19/10/2001
UnFOlzWFg,dO,7,1.1,M,2/3/1999
EmSa,ac,7,3.4,F,15/8/1996
wAL,iENzuqez,1,1.54,M,16/9/2007
Xcp,Ot,3,1.48,F,28/12/2008
TqJeQTy,iJcXk,4,1.88,F,2/4/1999
UTgyT,TfqmmQ,10,0.88,M,19/7/2008
maD,oeJ,12,2.19,F,12/7/2009
lUgqWvCx,gjHbkponVT,3,3.53,F,20/11/2012
fv,WkskYg,8,0.45,M,17/11/1995
GaEImTFE,GrzpOor,9,0.33,F,8/5/2015
fDOoO,dHAEbbSbYG,2,1.71,F,12/11/2012
BbeXAMWeMe,jdY,9,3.36,M,6/2/2006
AhbfgN,uQW,2,0.18,F,22/5/1996
yoEfbu,ET,12,3.83,M,19/1/1996
nLK,MtmxU,2,2.81,F,24/9/2007
un,nujj,9,3.81,M,20/11/2011
ywRQGY,hURhkgquce,7,2.83,M,26/4/2007
nZKNpP,kALzxGeih,7,3.76,F,23/12/2010
QfNEgP,nJOW,3,2.73,M,7/10/2009
dRsk,sqHojF,3,1.57,M,5/9/2009
xDvOhWXqjE,ugi,4,2.67,M,11/10/2000
vQmNtsg,BCZFtyAa,9,3.87,M,13/8/1996
VRo,UXgcUT,7,3.07,F,22/9/2003
VZBRu,IaQtt,5,0.36,F,1/8/2015
SahpsLf,cjkCD,4,2.09,M,22/1/2005
SklkCQ,SYkMhg,6,1.01,M,16/11/2007
yK,KIQahfzYA,8,3.53,F,21/2/2000
aVWXevbRl,Qt,9,2.57,F,24/2/2013
ZCPCXvsW,pmsySu,9,1.95,M,7/11/2015
Klhmnsq,gpyoi,4,1.06,M,18/1/1998
nL,xn,1,1.34,F,20/4/2008
dyA,TqKrlipQ,5,2.11,F,10/10/2011
xUXVXFTu,UDIeXXGi,6,0.66,F,12/3/1998
nN,VJNy,2,2.5,M,1/12/2010
natgbcFK,dPdrhbDJvz,8,1.42,F,26/12/2003
sjBUumNf,roXBHK,9,2.68,F,21/1/2009
IJJSZRAw,zPZyYr,9,3.74,F,1/8/2011
moostQLiN,jI,6,0.75,M,27/4/2004
wWIKCnUX,PYHgrz,11,2.83,M,11/10/2006
JGsXAJ,tzyTXgYQA,9,1.6,F,12/11/1999
eA,Orkr,11,2.37,F,16/7/2013
TKFdsva,UGRjHP,2,2.57,F,16/8/1998
dww,yscNrLSv,1,2.68,M,14/9/2012
arHxM,bt,4,3.69,F,9/5/1999
oKdyP,iVD,6,0.07,M,24/6/2000
kHrHkpPlid,AkJPsS,10,1.55,M,1/2/1998
twrE,fmKMNP,7,2.75,M,23/5/1996
jfqFy,KxBZcs,8,3.04,F,8/5/2012
HOtW,yRBewvqzqJ,10,1.47,M,9/10/2004
rgSxHa,wZzvk,3,3.93,M,26/7/2002
mfiXRJm,pav,12,1.69,F,21/11/2007
RcTeXrbW,UKZtezAyx,7,2.26,M,27/9/2006
LUWU,ARdbsywWBF,1,0.65,M,10/1/2007
FP,VFlVLgaLBI,3,3.91,M,18/3/2008
TFINd,odFldxNn,3,3.37,M,8/2/2010
OuCKLIY,dfrkgaPH,3,0.97,M,27/9/1997
mzr,dCbPEQF,2,0.61,M,25/12/2000
uvKMmCdDb,XLlbZJtm,2,3.66,M,7/6/2007
opsCGbQ,zJXzLPlw,1,2.18,M,17/8/2000
UmUXegFzct,MHYAXeniB,1,3.97,F,10/11/2010
YfbZUi,IjN,10,1.4,F,28/3/2008
LRfD,gvkoK,2,3.05,F,20/2/1997
SRsMk,voI,1,2.67,M,23/8/1997
xewBxcaXn,GAJiaNR,5,1.74,M,1/7/2013
Kh,FRZ,12,3.58,M,18/3/2013
Dax,wKSWVF,8,2.7,F,11/8/1996
TyehMEMYFc,mJJt,10,0.3,M,16/7/2015
ztWorLUNh,Um,2,0.02,F,15/12/2007
TKj,OEW,10,3.76,F,15/3/2007
hEmg,bTSja,5,2.03,M,21/2/1997
IY,cwpZqJc,10,0.38,F,3/4/2009
BAPm,ubUpTesHlj,9,3.5,M,10/4/2006
cObWcjYjy,kEd,3,1.33,M,2/1/2005
fKJeHX,HeW,1,1.57,M,19/3/2002
waFETV,Fc,3,1.26,F,13/4/2001
nrctVuqBOQ,mL,2,1.26,F,19/4/2007
uHwv,xcJcd,3,2.57,F,8/8/2003
gkbYf,nOyKKOAM,10,3.73,F,11/8/2002
HjwXc,loAwtpV,4,3.72,F,21/4/2011
APtoOMcKyx,iGyOe,8,2.47,F,11/3/2014
xNVgbHRCb,bqQMTucMZs,8,3.27,F,28/11/2000
MwLpjbHN,KmNZYUCRy,1,3.28,F,2/6/2011
Qvj,QDBZnnF,5,3.09,M,22/11/2006
Mwo,JJbG,12,0.72,F,4/12/2015
YYg,bt,8,3.54,F,18/4/2003
ZoBjbSRxHV,caDtxGVfD,5,1.62,F,5/1/2003
wmVcJhuv,pqV,6,2.64,M,15/11/2014
uy,errZTWIw,1,0.63,M,9/11/2012
wMyhLSW,MPsGtCO,11,3.48,F,14/12/2009
gpiXT,BxslMzc,7,2.61,M,7/5/1997
mRBkgm,aNM,9,2.06,F,11/2/2001
MvUkb,BHZWkVha,4,1.0,M,15/1/2007
kQTzlR,DSc,11,1.0,M,25/1/2003
OQRCKEYC,EgHhmHaeA,11,2.1,M,16/10/1995
CzPgZWmDDE,ufQKoULWU,4,1.02,M,3/4/2011
ScWXOMUKiR,Sa,12,2.79,F,10/6/2006
hyAHMklNZ,Dr,6,3.41,F,21/3/2015
uSnxVi,Ke,6,2.78,M,6/2/2000
otbYQAMGTh,Uz,11,3.37,F,7/5/2010
FHt,EHOktbb,6,3.37,M,21/8/2015
TmWVwZrRZI,SPY,5,1.92,F,7/9/2003
VQvTQQ,nmaVGRrxo,4,3.45,F,10/10/2012
LkfUpIYtAU,DNUkGebczj,8,3.9,M,9/3/1995
tLRJtCvFB,XFEK,1,3.8,F,28/11/2006
eYhTG,GQNzeVjV,9,0.99,M,22/8/2002
waVmj,dMzsI,8,3.38,F,13/9/2010
qlZUi,cSNnJlNIb,5,3.06,F,9/7/2009
NVIAbNw,KATbt,10,3.36,F,25/2/2014
fLOKyc,occpOrx,9,2.69,F,6/2/1995
uB,rM,1,0.18,F,9/12/2015
jKbhCY,RxOe,6,1.38,F,10/11/1998
GxEB,umpyNuQoGj,11,3.73,M,21/5/2004
MC,vremVIrVtQ,5,3.11,M,12/11/2014
LnBEY,Cj,3,0.97,M,28/1/2005
sVvbvtcP,ZcHVNH,1,2.15,F,25/6/2015
cNm,iJotqOMhav,3,3.8,M,15/9/2003
aVqSxJ,mHQzVe,4,1.85,F,5/11/2015
nDEQgyjlo,IffvHdAwnP,12,2.7,F,3/10/2012
HxXg,Qf,10,2.89,M,5/1/2002
vggo,fV,11,0.15,F,28/9/2015
BI,YB,9,0.63,M,18/10/2012
SJzfHOYaW,jfyIocmC,4,0.64,F,16/5/2001
KBxaxPa,hHpEDt,3,3.49,M,17/6/2004
IeYOtm,YY,3,2.93,F,2/2/2010
BXyqurOJZ,TWIZwwY,6,0.16,F,14/7/2010
deXq,Ulu,11,0.15,M,19/1/2015
gpod,vVsL,5,2.67,M,19/6/2002
JEjggh,AjmCG,3,1.38,F,2/3/2000
QYIDywmS,QDxvMG,6,0.78,M,22/10/2000
UwT,NwwcGtDfND,4,1.46,M,18/4/2013
DwQMNHahR,mtCiu,11,3.89,F,7/9/2010
buf,EhzvZD,2,2.7,F,11/4/2008
SSubzAo,TUxnpTiqx,7,2.85,M,6/11/1997
RYTTtk,HcdfwBmtdf,10,1.42,M,3/10/1997
FfNaewO,OhhIv,6,2.92,F,22/5/2006
imfLyrgM,wjmgarZg,4,2.3,F,14/6/1996
AvWqU,MGydqmM,1,0.15,M,5/6/2007
PxmkFooBPF,apWIMFCEeQ,11,1.84,M,24/3/2004
QeIO,jykFsmtB,7,0.64,F,1/11/2014
cCXzaL,bkNEi,6,0.18,F,23/3/1998
Jht,ppuWvBRs,12,2.12,M,24/4/2015
fghi,VyZazDy,9,2.4,F,15/5/1999
GspKyUhWs,qyRtBuqWYe,8,3.3,M,8/11/2015
lWcY,PyxzVkB,3,2.74,M,18/9/2002
RRTofV,ZYmAM,7,0.83,M,23/7/1996
jCjqkX,LSmB,10,2.69,F,17/12/2007
Ld,hT,9,2.07,M,24/12/1997
lMegWMTYgv,BAMB,2,0.05,M,8/11/1995
zjQcjYYiH,ipdfJ,3,2.95,F,14/9/1999
nJJNXjVsQG,lcpD,1,1.36,M,8/10/2012
nU,EEHfAm,4,3.64,F,19/6/2012
hqUrxPD,fCUqO,11,0.3,F,21/5/2012
xkY,oJ,3,0.24,M,15/12/1995
ZZXB,kKEWzt,11,1.44,F,19/6/2007
ANvPZmL,uTPc,11,3.83,F,2/6/2010
FdVOa,NjzI,2,0.77,M,15/9/2004
QUXeV,DRnvVvfjfW,10,1.82,F,9/11/2003
rpJDxMR,HSuDoY,10,2.73,F,19/7/1995
onRqSKbUw,DDHaReCTF,6,3.17,M,20/1/2005
VFWWkc,RwHvYXhX,11,1.29,M,7/5/2001
IrHJY,khM,5,2.33,F,3/5/1999
plMdFZ,YABmApYhRj,9,1.04,M,14/6/2008
KyKpnEX,ms,5,2.58,F,3/12/1999
vDFLLGNHn,oCSh,7,1.59,F,5/5/2002
zAouwmt,EIkh,1,1.64,M,18/2/2011
ypnpiaD,aCbMDQ,3,1.03,F,16/12/2006
CCOoVBrxmD,KXF,6,2.44,F,10/10/2009
kqZenJ,cCtRtLLOEq,5,1.84,M,21/7/2010
ZPSJi,fDfqq,9,2.77,F,1/5/2006
SMVYVO,azfSS,9,0.38,M,1/6/2011
JxlH,MxZ,6,2.44,F,16/12/2004
Jc,TfQMIaUmbM,8,2.77,M,5/8/1999
kGRS,Vz,9,1.18,F,2/2/2011
YNyCH,cbNBnpLS,1,0.17,M,18/11/2015
BcKKqgv,kRDKdqv,10,2.27,F,2/4/2002
Hfiu,BgNUfFWqvX,8,0.39,F,17/11/2005
MuSRUMe,Oy,5,2.16,M,25/9/2000
JnMN,bQMLBoO,9,1.14,M,15/4/2007
ndiV,gXzgFsk,5,1.11,F,6/3/1995
NAF,BNlzLpWf,1,0.33,M,2/8/2012
VDsvHweU,SvQUAVQiT,1,0.15,F,2/9/2004
CVLe,rDJ,8,0.81,F,21/8/1997
SSyAnJ,EqLfYTt,6,3.63,F,17/11/2015
JhU,twYDAe,6,3.9,M,27/7/2010
MjfNJ,FS,8,2.08,F,21/7/2003
ofKtM,pHjkvQvbNs,9,0.85,M,26/10/1996
ifgUf,UBsx,11,0.53,M,26/1/1999
TwOhTAerkV,JCBOGO,11,0.5,F,8/10/1999
nIejQKXhPT,jWOjeBVNw,5,1.75,F,17/6/2002
wevIWqYHX,Nh,11,3.45,M,3/11/1998
IQWoPYDUNu,fbgCO,10,3.59,M,20/2/1995
zRRnNmwb,JeYXEIJalk,7,3.12,M,22/6/2004
VGlwgQOy,KfbEUDUG,11,0.16,F,21/4/2002
FdHjA,IcOLpWxAUZ,5,3.79,F,22/2/2003
jpBkvCdpf,nDP,12,0.2,M,23/8/2007
uH,jBRRzqhKDH,11,1.12,F,11/5/1998
ivWNXGeoD,HiCI,10,0.07,F,3/5/2007
dDHadKANkr,FGXryuZd,5,3.27,F,27/5/2014
Co,bveXVmTa,7,1.59,M,13/5/2007
CdkRd,NPKdYFI,12,1.49,M,14/2/2006
sc,XaOYPn,3,2.06,M,10/7/2000
bq,oLzwboy,6,1.29,F,22/3/1998
CgdBcP,iGrUEAmd,11,3.59,M,10/7/2001
ASLtpEolo,Kd,7,0.82,F,9/9/1995
mBMl,vNmXEqc,4,2.29,F,13/11/2009
YLBVwu,Cf,9,1.45,F,27/11/1998
YM,VMZCGaW,4,0.71,F,18/7/2013
np,cynPgoY,10,2.75,M,20/11/2007
zEwFNmvX,YuYi,7,1.61,M,17/3/2004
mrmIqZDKmf,shfTZii,6,3.78,M,22/12/1995
fyutKCaivG,PcvjNTg,10,2.28,M,6/2/2008
MMEYy,Tu,2,0.6,F,9/9/2013
cQGdJnR,BAt,8,3.17,F,23/9/2009
lxnsN,nSKL,10,1.21,M,6/2/2014
HVntMCgk,wHgiDeT,9,2.61,F,12/1/2014
fKc,oFv,4,1.16,M,6/9/2007
pJAuzESWX,iP,3,0.53,M,19/5/2009
vUMQwJvJQg,Nc,7,0.57,F,28/10/2001
WLtQHekPC,PMKxPdBna,11,1.2,M,2/5/1999
sodexJH,eg,1,1.14,F,5/4/2010
PCEL,tIOCEcoK,7,0.54,F,8/2/2015
dY,DeJovHyYgU,11,2.06,M,14/1/2001
nuCvO,xShq,10,3.2,F,8/8/2011
hJLxyaVqY,gja,8,3.48,M,17/6/2014
Djwqlfk,nyIwjCorrr,6,0.4,M,2/7/1999
xwg,EYltf,2,3.14,M,4/3/2002
tQw,rTj,12,2.46,M,5/7/2014
ZRTZ,KD,4,3.69,F,21/7/1996
fsATDbI,ou,1,1.15,F,28/5/2010
sQuKLA,ntVpWI,8,0.89,M,14/2/2012
Eekyerg,IHLnANiNVP,9,0.27,M,1/11/2008
FmRqeHZVnU,ZvE,11,2.04,M,24/12/2006
EZGthoay,Be,7,2.29,F,24/8/1997
Ii,LxLsajkFEy,11,2.56,M,4/12/2001
OvsYV,qreVzW,7,3.92,M,7/6/2004
GMezgUF,TtAX,11,0.57,M,17/7/2002
usZJ,nvU,7,3.17,F,1/3/2002
bbgPRTq,VMtCdiSDFq,2,0.86,M,19/11/1999
ZylnBnb,IQlaXIsXT,7,0.46,M,8/10/2015
QaSMQtLPpz,pGbsZw,9,2.6,M,17/10/2001
OrQwRE,XdtRJUUas,12,2.68,F,3/5/2015
hT,uGm,6,1.58,M,18/5/2015
BY,TkhnLALL,11,3.47,M,6/8/1999
GnjDCSl,QgFQH,1,1.85,F,12/4/2005
EoBRAs,HQcm,2,3.22,M,5/11/1999
ocykIfv,hI,4,3.93,F,19/6/2011
taVgnt,Jc,7,0.46,F,25/4/2008
WzYVvm,zapMer,12,2.27,F,20/5/2003
FDgixMlN,WKbO,12,0.21,F,13/9/2011
jZ,qL,1,2.57,M,2/6/2012
iJJCvKE,obRgkA,10,0.65,F,21/6/2004
LFQl,qBqqjUYGA,8,2.43,M,28/2/2015
JMfEZGdBw,gutHdSnpis,12,2.7,F,19/5/2008
zZN,iNxtkhGNbG,4,2.28,M,12/4/1997
YjPNwtAgw,rrRiBuEgW,2,0.73,F,21/7/1997
KB,cPmYstEM,10,2.13,F,23/9/2001
BAVvPb,NTfT,10,1.61,F,1/5/1995
khYTM,TZL,5,2.47,M,20/1/1999
IsbSI,grSpANlL,11,2.59,M,23/6/1997
PHvav,Lb,1,3.77,F,7/2/1998
RzUjW,YRjIA,1,0.43,M,18/4/2009
huqvl,uRmMqQsGDk,2,3.23,F,6/5/2012
LNeVACSs,HKqrNX,12,1.78,M,26/11/2003
UylyTHdX,OyA,2,3.73,F,11/9/2001
rL,NhfMYO,5,3.36,F,6/10/2010
mn,mzyYpQOtFF,12,0.99,F,17/3/2007
hm,SdqiQzF,7,2.89,M,11/2/2001
NgqTrZMYY,EoBC,2,2.87,M,18/3/1996
Ly,LojlTOggG,1,1.27,F,23/7/2006
EsyZzMXg,NgufX,9,0.06,M,23/1/2015
OKLONlC,EQxCZ,8,1.97,M,27/2/2006
Do,xuGB,9,3.63,F,28/2/2009
rWBM,AcVIHd,3,3.22,M,15/11/2011
vBzlK,EPetvyAof,2,2.1,F,1/7/2011
KRUa,RqSfGJlwz,11,0.34,M,11/9/2014
eeyFzjrf,CDZsNGJlXG,1,3.81,F,11/12/2010
DiKO,pAlMgRES,11,0.27,M,21/8/2002
WxlXz,BlgadtwcF,9,3.42,F,1/2/1995
ugsRACK,tIphMy,12,0.49,M,6/7/2014
RxlkC,ae,6,3.15,M,22/4/2001
zBqlTBBzY,amgTsIpDr,8,0.21,M,25/9/1996
TUVqcVu,JRKOdh,9,3.67,M,17/9/2003
PNfLCPWmfr,kEyY,7,3.21,M,3/12/2009
dPBNcbMwku,Ygh,10,0.33,M,23/11/2012
iBgulroX,FAUuhN,5,3.44,F,1/9/2007
HBpKthsECc,WFQ,8,3.63,F,14/1/1995
BDQYQ,RtWuZRVq,9,0.62,F,21/3/2004
zPNyQAx,xIv,6,3.04,M,9/4/2011
qQTwpxg,zEtrX,11,3.61,F,17/12/1996
sbuSEJn,pODKnNFr,12,1.81,F,4/6/2012
VWMevq,PjXfnDqYJ,1,1.69,F,4/10/2013
KoPg,pWAr,10,0.47,M,21/10/2014
QatETcGDl,QAmkXG,8,3.91,F,26/1/2014
uubaWRFw,UvAUcDwlLD,6,3.78,M,21/6/2004
YxPoovKVN,RaNuRHfHSD,10,1.64,F,5/6/2013
exnG,YMcVXgs,3,3.73,F,16/1/2000
bUzX,xOgLHZhEhB,2,2.86,F,3/12/2004
YCCF,kqJgTw,2,0.55,M,6/10/2011
DoqIAjxPg,rMEiYLxeWj,9,0.23,F,16/8/2013
SXvX,bTeiHT,5,2.93,F,16/1/2011
nLrKw,cTHbUcIjM,5,1.45,F,1/2/2001
pBIHaMTqS,lrYByQAv,5,0.47,M,5/11/2015
BPnWP,puwcWOxb,11,1.37,F,13/1/2001
gtMo,rpV,1,3.84,F,6/9/1995
YVqsUJdB,oVhwELlLN,3,0.82,F,26/10/2012
sgPAnnWyNs,RBlCTsLBjX,5,3.99,M,3/5/2003
pZwGGB,huFa,4,0.67,M,27/6/1995
FkRHLDh,bZXGZt,10,1.75,M,12/4/2004
GUqJv,CdFUCTcl,8,3.59,F,27/3/2005
XZU,SgkMxCoZd,1,2.52,M,16/7/2009
UhvONCV,ZR,4,3.05,M,11/3/2002
ALehc,YGaWJeQrlv,7,0.42,F,12/11/2007
UVVW,Lx,7,3.25,F,24/8/2006
Bgk,viF,12,3.39,M,12/4/2007
DQC,tL,4,0.26,F,2/2/2005
UpdGFSxOL,gtP,8,3.56,M,28/8/2001
tcDEyLrT,hPHitVP,10,3.9,F,18/6/2001
JNguLT,qiwIqdUnp,4,0.75,M,12/9/2000
fdJWIQ,wXB,4,2.02,F,23/1/2013
GVn,XwmoYTPbB,9,3.77,F,1/2/2002
hE,YYQLlQkRX,8,0.5,F,7/6/2005
nzAQgHr,vEUoIIdLub,8,0.8,F,13/12/2014
yVHV,FFfAWOcYI,5,4.0,M,22/9/1995
lsJNqn,DztSsHrXZR,4,2.62,F,5/12/2006
IcG,xu,4,0.07,M,12/1/2003
bG,ApCjorttO,11,3.67,M,4/5/2010
FcuHKf,gMx,7,2.75,M,16/9/2000
GpzBsHakaW,VQPxT,11,0.12,F,25/8/2008
bH,ukqINe,1,0.14,M,27/6/2005
